mse, map_name, map_filename, map_original, map_deathmode, map_teamdeathmode, map_bot_origanl, map_bot_deathmode, map_bot_teamdeathmod,official,official_tiebreak,map_zombi,weapon_restrict_deault,weapon_restrict_none,weapon_restrict_noawp,weapon_resctrict_classic,weapon_restrict_sniper,weapon_restrict_pistol,weapon_restrict_knife,weapon_restrict_noflash,weapon_restrict_awp,bright,skybox,density,density_r,density_g,density_b,server_limit,max_player,d3d_bright,c4pos,map_zombi_expand,ExpLimit,PointLimit,event_map,weapon_restrict_fragonly,map_zombi_team,ZBTbright,ZBTskybox,ZBTdensity,ZBTdensity_r,ZBTdensity_g,ZBTdensity_b,ZBTd3d_bright,mode_challenge,map_zombi_team_AHN,map_zombi_3,map_zombie_scenario,Scen_CountType_1ST,Scen_CountType_2ND,Scen_CountType_3RD,Scen_Rank_Clear,map_sort,ExtraInfo (0:HardModel),map_soccer,ball_max,ball_default,map_HumanScenario,SubType,PVPVE,"Orginal_Mission(1=폭파, 2=섬멸, 3=구출, 4=암살)","Weapon_Tag (1=칼전, 2=AWP, 3=이지, 4=하드, 5=익스트림, 6=스나이퍼전, 7=아이템전)",map_FunMode,"Fun_Subtype(히든 10, 축구 16, 챌린지 12, 아이템전 19, 바주카전 21, 메탈아레나 18, 파이트야드 31, 비스트 27, 서든데스 34, 술래잡기 37)",map_GDM,map_Basic,map_BZM,시나리오 시즌,"약점 분석기(0=미적용, 1=적용)",map_BattleRush,map_ZombieShelter,map_ZombiEscape,map_Snowman,"Snowman_Subtype(1=Original, 2=팀데스매치)",map_shelterteam,좀비 PVE 정복률 적용 맵,map_zombi4,map_matching,map_ZombieGiant,map_Zombie_Exterminate,map_matching_Zombie_Exterminate,map_standalone,1인PVE 달성률목표,weapon_restrict_shotgun,Zombieofficial,Zombieofficial_tiebreak,ZombieTag,ModeEventMap,allstar,playroom,season original,season zombie ex,season zombie hero,map_zombi_3z,playroom_modeID,map_zombietouchdown,season touchdown,prop_hunt,map_partner,map_zhe,vxlzshelter,zombi_5
0,#CSO_tunnel_kr,dm_tunnel,0,1,1,0,1,1,0,0,0,0,1,1,1,1,1,1,1,1,,,,,,,0,20,,,0,1,1,,1,,,,,,,,,,,,0,0,0,0,,,,0,,,,,,,,,,0,0,0,,,,,,,,,,0,0,0,0,0,0,0,1,0,0,0,0,1,0,0,0,0,0,0,0,0,0,0,,,0
1,#CSO_camouflage_kr,cs_camouflage,1,1,1,1,0,0,0,0,0,0,1,1,1,1,1,1,1,1,,,,,,,0,20,,,0,1,1,,1,,,,,,,,,,,,0,0,0,0,,,,0,,,,,,3,,,,10001,0,0,,,,,,,,,,0,0,0,0,0,0,0,1,0,0,0,0,1,0,0,0,0,0,0,0,0,0,0,,,0
2,#CSO_camouflage2_kr,cs_camouflage2,2,2,2,2,2,2,0,0,2,0,1,1,1,1,1,1,1,1,f,mist,0.0004,107,115,133,0,20,i,,2,1.02,1.08,,1,0,,,,,,,,0,0,2,0,0,0,0,,,,0,,,0,,,3,,,,0,0,0,,,,,,,,,,0,0,0,0,0,0,0,1,0,0,0,0,2,0,0,0,0,2,0,0,0,0,0,,,0
3,#CSO_rex_kr,de_rex,3,3,3,3,3,3,0,0,0,0,1,1,1,1,1,1,1,1,,,,,,,0,32,,"""-1255 464 222 -138 -72 -20""",0,1,1,,1,3,l,hk,0.0015,0,5,7,j,,3,,0,0,0,0,,,,0,,,,,,1,,,,0,0,0,,,,,,,,,,0,0,0,0,0,0,0,1,0,0,0,0,3,0,0,0,0,0,0,0,0,0,0,,,0
4,#CSO_dust_kr,de_dust,4,4,4,4,4,4,0,0,10004,0,1,1,1,1,1,1,1,1,e,hk,0.001,0,0,0,0,32,j,"""1919 651 61 379 -1648 131""",10004,1,1,,1,10005,h,hk,0.0007,0,0,0,i,,10005,10004,0,0,0,0,,,,0,,,,,,1,,,,0,0,0,,,,,,,,,,10003,18,0,10000,10000,0,0,1,10000,10000,0,0,4,0,0,4,4,15555,0,0,0,0,0,,,4
5,#CSO_dust2_kr,de_dust2,10003,10002,10003,10004,10003,10001,5,5,10001,0,1,1,1,1,1,1,1,1,f,hk,0.0015,63,56,34,0,32,i,"""1156 2410 156 -1610 2686 62""",5,1,1,,1,10003,h,hk,0.0006,63,56,34,k,,10001,5,0,0,0,0,,,,0,,,,,,1,,5,19,10002,10002,0,,,,,,,,,,0,33,0,0,0,0,0,1,0,0,0,0,10004,0,5,0,0,5,0,0,0,0,0,,,5
6,#CSO_aztec_kr,de_aztec,6,6,6,6,6,6,0,0,6,0,1,1,1,1,1,1,1,1,d,hk,0.0013,9,7,3,0,32,h,"""-578 -1485 -171 -2125 967 -181""",6,1,1,,1,6,h,hk,0.0009,9,7,3,j,,6,6,0,0,0,0,,,,0,,,,,,1,,,,0,0,0,,,,,,,,,,0,25,0,0,0,0,0,1,0,0,0,0,6,0,0,0,0,6,0,0,0,0,0,,,6
7,#CSO_inferno_kr,de_inferno,10002,7,7,7,7,7,7,7,0,0,1,1,1,1,1,1,1,1,e,hk,0.0015,4,10,15,0,32,i,"""259 2802 215 2086 431 205""",0,1,1,,1,7,g,hk,0.001,4,10,15,j,,7,7,0,0,0,0,,,,0,,,,,,1,,,,7,10001,0,,,,,,,,,,0,32,0,0,0,0,0,1,0,0,0,0,7,0,7,0,0,7,0,0,0,0,0,,,0
8,#CSO_train_kr,de_train,8,8,8,8,8,8,8,8,8,0,1,1,1,1,1,1,1,1,i,hk,0.001,0,0,0,0,32,h,"""264 -1280 -185 1303 -158 -74""",8,1,1,,1,8,k,hk,0.0007,0,0,0,j,,8,8,0,0,0,0,,,,0,,,,,,1,,,,0,0,0,,,,,,,,,,0,30,0,0,0,0,0,1,0,0,0,0,8,0,8,0,0,8,0,0,0,0,0,,,0
9,#CSO_prodigy_kr,de_prodigy,9,9,9,9,9,9,0,0,9,0,1,1,1,1,1,1,1,1,i,hk,0.00095,15,0,0,0,32,k,"""1967 -275 -350 1766 -1271 -440""",9,1,1,,1,9,k,hk,0.0007,15,0,0,k,,9,9,0,0,0,0,,,,0,,,,,,1,,,,0,0,0,,,,,,,,,,0,21,0,0,0,0,0,1,0,0,0,0,9,0,0,0,0,9,0,0,0,0,0,,,0
10,#CSO_cbble_kr,de_cbble,10,10,10,10,10,10,0,0,10,0,1,1,1,1,1,1,1,1,f,hk,0.001,25,24,18,0,32,g,"""-2752 -1791 83 961 -947 -91""",10,1,1,,1,10,h,hk,0.0008,25,24,18,i,,10,,0,0,0,0,,,,0,,,,,,1,,,,0,0,0,,,,,,,,,,0,23,0,0,0,0,0,1,0,0,0,0,10,0,0,0,0,10,0,0,0,0,0,,,10
12,#CSO_chateau_kr,de_chateau,12,12,12,12,12,12,0,0,12,0,1,1,1,1,1,1,1,1,h,hk,0.0013,15,0,0,0,32,h,"""124 82 4 2232 1219 27""",12,1,1,,1,12,j,hk,0.001,15,0,0,j,,12,12,0,0,0,0,,,,0,,,,,,1,,,,0,0,0,,,,,,,,,,0,22,0,0,0,0,0,1,0,0,0,0,12,0,0,0,0,12,0,0,0,0,0,,,12
13,#CSO_nuke_kr,de_nuke,13,13,13,13,13,13,13,13,13,0,1,1,1,1,1,1,1,1,g,hk,0.0013,7,4,2,0,32,i,"""639 -647 -360 639 -895 -734""",13,1,1,,1,13,g,hk,0.0013,7,4,2,i,,13,13,0,0,0,0,,,,0,,,,,,1,,,,0,0,0,,,,,,,,,,0,31,0,10001,10001,0,0,1,10001,10001,0,0,13,0,13,0,0,13,0,0,0,0,0,,,13
14,#CSO_piranesi_kr,de_piranesi,14,14,14,14,14,14,0,0,14,0,1,1,1,1,1,1,1,1,j,hk,0.00095,19,14,6,0,32,h,"""-268 -747 132 -1686 2424 270""",14,1,1,,1,14,k,hk,0.0008,19,14,6,k,,14,14,0,0,0,0,,,,0,,,,,,1,,,,0,0,0,,,,,,,,,,0,20,0,0,0,0,0,1,0,0,0,0,14,0,0,0,0,14,0,0,0,0,0,,,0
15,#CSO_storm_kr,de_storm,15,15,15,15,15,15,0,0,15,0,1,1,1,1,1,1,1,1,h,hk,0.001,10,9,3,0,32,g,"""-1733 2132 -119 1386 1441 -129""",15,1,1,,1,15,l,hk,0.0007,10,9,3,l,0,15,15,0,0,0,0,,,,0,,,,,,1,,,,0,0,0,,,,,,,,,,0,1,0,0,0,0,0,1,0,0,0,0,15,0,0,0,0,15,0,0,0,0,0,,,15
16,#CSO_survivor_kr,de_survivor,16,16,16,16,16,16,0,0,16,0,1,1,1,1,1,1,1,1,h,hk,0.0015,152,163,209,0,32,h,"""2578 -324 139 -650 -128 145""",16,1,1,,1,16,h,hk,0.0015,152,163,209,h,,16,16,0,0,0,0,,,,0,,,,,,1,,,,0,0,0,,,,,,,,,,0,4,0,0,0,0,0,1,0,0,0,0,16,0,0,0,0,16,0,0,0,0,0,,,16
18,#CSO_vertigo_kr,de_vertigo,18,18,18,18,18,18,0,0,18,0,1,1,1,1,1,1,1,1,f,hk,0.0013,7,6,9,0,32,i,"""-283 188 54 -2256 749 52""",18,1,1,,1,18,j,hk,0.001,7,6,9,k,,18,18,0,0,0,0,,,,0,,,,,,1,,,,0,0,0,,,,,,,,,,0,15,0,10002,10002,0,0,1,10002,10002,0,0,18,0,0,0,0,18,0,0,0,0,0,,,0
19,#CSO_italy_kr,cs_italy,19,19,19,19,19,19,0,0,19,0,1,1,1,1,1,1,1,1,g,hk,0.00095,15,12,9,0,32,h,,10001,1,1,,1,19,j,hk,0.0007,15,12,9,j,,19,19,0,0,0,0,,,,0,,,,,,3,,,,19,0,0,,,,,,,,,,10001,29,0,10007,10007,0,0,1,10007,10007,0,0,19,0,0,19,19,19,0,0,0,0,0,,,19019
20,#CSO_office_kr,cs_office,20,20,20,20,20,20,0,0,20,0,1,1,1,1,1,1,1,1,f,hk,0.0013,137,140,156,0,32,g,,20,1,1,,1,20,h,hk,0.001,137,140,156,i,,20,20,0,0,0,0,,,,0,,,,,,3,,,,0,0,0,,,,,,,,,,0,16,0,0,0,0,0,1,0,0,0,0,20,0,0,0,0,20,0,0,0,0,0,,,0
21,#CSO_747_kr,cs_747,21,21,21,21,21,21,0,0,21,0,1,1,1,1,1,1,1,1,i,backalley,0.0013,14,13,17,0,32,k,,21,1,1,,1,21,k,backalley,0.0008,14,13,17,l,,21,21,0,0,0,0,,,,0,,,,,,3,,,,0,0,0,,,,,,,,,,0,0,0,0,0,0,0,1,0,0,0,0,21,0,0,0,0,21,0,0,0,0,0,,,21
22,#CSO_assault_kr,cs_assault,22,22,10001,10003,10001,10003,0,0,10003,0,1,1,1,1,1,1,1,1,h,backalley,0.001,7,6,9,0,32,i,,10003,1,1,,1,10006,j,backalley,0.0007,7,6,9,k,0,10006,10003,0,0,0,0,,,,0,,,,,,3,,,,22,0,0,,,,,,,,,,10002,26,0,10006,10006,0,0,1,10006,10006,0,0,22,0,0,0,22,20100,0,0,0,0,0,,,19022
23,#CSO_backalley_kr,cs_backalley,23,23,23,23,23,23,0,0,23,0,1,1,1,1,1,1,1,1,j,hk,0.0013,0,0,0,0,32,i,,23,1,1,,1,23,l,hk,0.0009,0,0,0,k,,23,23,0,0,0,0,,,,0,,,,,,3,,,,0,0,0,,,,,,,,,,0,0,0,0,0,0,0,1,0,0,0,0,23,0,0,0,0,23,0,0,0,0,0,,,18023
24,#CSO_estate_kr,cs_estate,24,24,24,24,24,24,0,0,10002,0,1,1,1,1,1,1,1,1,k,hk,0.0015,107,115,133,0,32,k,,24,1,1,,1,10002,o,hk,0.0009,0,10,15,j,,24,24,0,0,0,0,,,,0,,,,,,3,,,,0,0,0,,,,,,,,,,0,14,0,10008,10008,0,0,1,10008,10008,0,0,24,0,0,24,24,24,0,0,0,0,0,,,17024
25,#CSO_havana_kr,cs_havana,25,25,25,25,25,25,0,0,25,0,1,1,1,1,1,1,1,1,f,hk,0.0015,18,25,7,0,32,i,,25,1,1,,1,25,i,hk,0.001,18,25,7,i,,25,,0,0,0,0,,,,0,,,,,,3,,,,0,0,0,,,,,,,,,,0,0,0,0,0,0,0,1,0,0,0,0,25,0,0,0,0,25,0,0,0,0,0,,,25
26,#CSO_militia_kr,cs_militia,26,26,26,26,26,26,0,0,26,0,1,1,1,1,1,1,1,1,j,hk,0.00095,13,9,4,0,32,h,,10002,1,1,,1,26,k,hk,0.0008,13,9,4,i,,26,10002,0,0,0,0,,,,0,,,,,,3,,,,0,0,0,,,,,,,,,,0,17,0,10005,10005,0,0,1,10005,10005,0,0,26,0,0,26,26,26,0,0,0,0,0,,,26
27,#CSO_siege_kr,cs_siege,27,27,27,27,27,27,0,0,27,0,1,1,1,1,1,1,1,1,e,hk,0.0012,13,14,15,0,32,g,,27,1,1,,1,27,h,hk,0.0007,13,14,15,j,,27,27,0,0,0,0,,,,0,,,,,,3,,,,0,0,0,,,,,,,,,,0,2,0,0,0,0,0,1,0,0,0,0,27,0,0,0,0,27,0,0,0,0,0,,,0
28,#CSO_oilrig_kr,as_oilrig,28,28,28,10002,28,28,0,0,0,0,1,1,1,1,1,1,1,1,h,hk,0.001,152,163,209,0,32,h,,0,1,1,,0,0,,hk,,,,,,0,0,,0,0,0,0,,,,0,,,,,,4,,,,0,0,0,,,,,,,,,,0,0,0,0,0,0,0,1,0,0,0,0,28,0,0,0,0,0,0,0,0,0,0,,,0
29,#CSO_ae_kr,DM_ae,29,10003,29,10001,10002,10002,0,0,0,0,1,1,1,1,1,1,1,1,,,,,,,0,20,,,0,1,1,,1,,,,,,,,,,,,0,0,0,0,,,,0,,,,,,2,,,,0,0,0,,,,,,,,,,0,19,0,0,0,0,0,1,0,0,0,0,10003,0,0,0,0,0,0,0,0,0,0,,,0
30,#CSO_greesia_kr,awp_greesia,10001,30,30,30,30,30,0,0,0,7,0,0,0,0,0,0,0,1,,,,,,,0,20,,,0,1,1,,0,,,,,,,,,,,,0,0,0,0,,,,0,,,,,,2,2,,,0,0,0,,,,,,,,,,0,0,0,0,0,0,0,0,0,0,0,0,30,0,0,0,0,0,0,0,0,0,0,,,0
31,#CSO_Abyss_kr,ZM_abyss,0,0,0,0,0,0,0,0,31,0,1,1,1,1,1,1,1,1,o,,,,,,0,32,o,,31,1,1,,0,,,,,,,,,,,31,0,0,0,0,,,,0,,,,,,,,,,0,0,0,,,,,,,,,,0,0,0,0,0,0,0,0,0,0,0,0,0,0,0,0,0,31,0,0,0,0,0,,,31
32,#CSO_dazzling_kr,de_dazzlingKR,0,0,0,0,0,0,0,0,0,0,1,1,1,1,1,1,1,1,i,Moon,0.001,10,15,18,0,32,l,"""422 848 -490 572 -1898 -870""",0,1,1,,1,0,l,Moon,0.0007,10,15,18,k,,0,0,0,0,0,0,,,,0,,,,,,1,,,,0,0,0,,,,,,,,,,0,0,0,0,0,0,0,1,0,0,0,0,0,0,0,0,0,0,0,0,0,0,0,,,0
33,#cso_moonlight_kr,dm_moonlight,33,33,33,33,33,33,0,0,0,5,0,0,0,0,0,1,0,0,,,,,,,0,20,,,0,1,1,,0,,,,,,,,,,,,0,0,0,0,,,,0,,,,,,2,1,,,0,0,0,,,,,,,,,,0,0,0,0,0,0,0,0,0,0,0,0,33,0,0,0,0,0,0,0,0,0,0,,,0
50,#CSO_stadium_kr,de_stadium_cz,50,50,50,50,50,50,0,0,0,0,1,1,1,1,1,1,1,1,,,,,,,0,32,,"""58 -526 241 -1142 -928 100""",0,1,1,,1,,,,,,,,,,,,0,0,0,0,,,,0,,,,,,1,,,,0,0,0,,,,,,,,,,0,6,0,0,0,0,0,1,0,0,0,0,50,0,0,0,0,0,0,0,0,0,0,,,0
51,#CSO_sienna_kr,de_sienna_cz,51,51,51,51,51,51,0,0,0,0,1,1,1,1,1,1,1,1,,,,,,,0,32,,"""1088 139 169 -959 1318 169""",0,1,1,,1,51,h,hk,0.0009,4,10,15,j,,51,,0,0,0,0,,,,0,,,,,,1,,,,0,0,0,,,,,,,,,,0,13,0,0,0,0,0,1,0,0,0,0,51,0,0,0,0,0,0,0,0,0,0,,,0
52,#CSO_vostok_kr,de_vostok_cz,0,0,0,0,0,0,0,0,0,0,1,1,1,1,1,1,1,1,,,,,,,0,32,,"""2540 -570 40 66 662 140""",0,1,1,,1,,,,,,,,,,,,0,0,0,0,,,,0,,,,,,1,,,,0,0,0,,,,,,,,,,0,0,0,0,0,0,0,1,0,0,0,0,0,0,0,0,0,0,0,0,0,0,0,,,0
55,#CSO_dust2a_kr,DM_dust2,55,55,55,55,55,55,0,0,0,0,1,1,1,1,1,1,1,1,,,,,,,0,20,,,0,1,1,,1,10001,h,hk,0.0007,0,0,0,i,,10002,,0,0,0,0,,,,0,,,,,,2,,,,0,0,0,,,,,,,,,,0,9,0,0,0,0,0,1,0,0,0,0,53,0,0,0,0,0,0,0,0,0,0,,,0
60,#CSO_gallery_kr,DM_gallery,60,60,60,60,60,60,0,0,0,0,1,1,1,1,1,1,1,1,,,,,,,0,20,,,0,1,1,,1,,,,,,,,,,,,0,0,0,0,,,,0,,,,,,2,,,,60,0,0,,,,,,,,,,0,0,0,0,0,0,0,1,0,0,0,0,54,0,0,0,0,0,0,0,0,0,0,,,0
61,#CSO_tides_kr,de_tides_cz,61,61,61,61,61,61,0,0,0,0,1,1,1,1,1,1,1,1,,,,,,,0,32,,"""544 -630 40 -1115 -1600 -111""",0,1,1,,1,,,,,,,,,,,,0,0,0,0,,,,0,,,,,,1,,,,0,0,0,,,,,,,,,,0,0,0,0,0,0,0,1,0,0,0,0,55,0,0,0,0,0,0,0,0,0,0,,,0
62,#CSO_vegas_kr,de_vegas,62,62,62,62,62,62,0,0,62,0,1,1,1,1,1,1,1,1,h,hk,0.0012,10,15,18,0,32,i,"""727 -2271 -1040 1773 555 -1080""",62,1,1,,1,62,j,hk,0.001,10,15,18,k,0,10004,62,0,0,0,0,,,,0,,,,,,1,,,,0,0,0,,,,,,,,,,0,0,0,0,0,0,0,1,0,0,0,0,60,0,0,0,0,62,0,0,0,0,0,,,0
63,#CSO_Abyss2_kr,ZM_abyss2,0,0,0,0,0,0,0,0,63,0,1,1,1,1,1,1,1,1,q,hk,,,,,0,32,q,,63,1,1,,0,,,,,,,,,,,10002,0,0,0,0,,,,0,,,,,,,,,,0,0,0,,,,,,,,,,0,0,0,10004,10004,0,0,0,10004,10004,0,0,0,0,0,0,63,63,0,0,0,0,0,,,18063
64,#cso_downed,cs_downed_cz,64,64,64,64,64,64,0,0,64,0,1,1,1,1,1,1,1,1,e,hk,0.0015,107,115,133,0,32,i,,64,1,1,,1,0,g,hk,0.0008,107,115,133,k,0,0,64,0,0,0,0,,,,0,,,,,,3,,,,0,0,0,,,,,,,,,,0,0,0,0,0,0,0,1,0,0,0,0,64,0,0,0,0,64,0,0,0,0,0,,,0
65,#CSO_industry_kr,DM_industry,0,65,65,0,65,65,0,0,0,0,1,1,1,1,1,1,1,1,,,,,,,0,20,,,0,1,1,,1,65,j,hk,0.0009,4,10,15,j,,65,,0,0,0,0,,,,0,,,,,,,,,,0,0,0,,,,,,,,,,0,0,0,0,0,0,0,1,0,0,0,0,65,0,0,0,0,0,0,0,0,0,0,,,0
66,#cso_corruption_kr,de_corruption_cz,66,66,66,66,66,66,0,0,0,0,1,1,1,1,1,1,1,1,,,,,,,0,32,,"""-1011 -811 10 920 -1185 60""",0,1.18,1.21,,1,0,,,,,,,,0,0,,0,0,0,0,,,,0,,,0,,,1,,,,0,0,0,,,,,,,,,,0,12,0,0,0,0,0,1,0,0,0,0,66,0,0,0,0,0,0,0,0,0,0,,,0
67,#CSO_union_kr,DM_union,0,0,0,0,0,0,0,0,67,0,1,1,1,1,1,1,1,1,g,hk,0.0015,10,15,18,0,32,k,,67,1,1,,1,67,k,hk,0.0009,107,115,133,j,,67,67,0,0,0,0,,,,0,,,,,,,,,,0,0,0,,,,,,,,,,0,0,0,0,0,0,0,0,0,0,0,0,0,0,0,0,0,67,0,0,0,0,0,,,67
68,#CSO_Ruin_kr,awp_ruin,68,68,68,68,68,68,0,0,0,7,0,0,0,0,0,0,0,1,,,,,,,0,20,,,0,1,1,,0,0,,,,,,,,,0,,0,0,0,0,,,,0,,,,,,2,2,,,0,0,0,,,,,,,,,,0,0,0,0,0,0,0,0,0,0,0,0,68,0,0,0,0,0,0,0,0,0,0,,,0
69,#cso_jump1,cso_jump1,0,0,0,0,0,0,0,0,0,5,0,0,0,0,0,1,0,0,,,,,,,0,32,,,0,1,1,,0,0,,,,,,,,0,0,,0,0,0,0,,,,0,,,0,,,,,69,12,0,0,0,,,,,,,,,,0,0,0,0,0,0,0,0,0,0,0,0,0,0,0,0,0,0,0,0,0,0,0,,,0
70,#cso_run1,cso_run1,0,0,0,0,0,0,0,0,0,5,0,0,0,0,0,1,0,0,,,,,,,0,32,,,0,1,1,,0,0,,,,,,,,0,0,,0,0,0,0,,,,0,,,0,,,,,70,12,0,0,0,,,,,,,,,,0,0,0,0,0,0,0,0,0,0,0,0,0,0,0,0,0,0,0,0,0,0,0,,,0
71,#cso_jump2,cso_jump2,0,0,0,0,0,0,0,0,0,5,0,0,0,0,0,1,0,0,,,,,,,0,32,,,0,1.3,1.3,,0,0,,,,,,,,0,0,,0,0,0,0,,,,0,,,0,,,,,71,12,0,0,0,,,,,,,,,,0,0,0,0,0,0,0,0,0,0,0,0,0,0,0,0,0,0,0,0,0,0,0,,,0
72,#CSO_champ_kr,dm_champ,72,72,72,72,72,72,0,0,0,5,0,0,0,0,0,1,0,0,,,,,,,0,20,,,0,1,1,,0,0,,,,,,,,0,0,,0,0,0,0,,,,0,,,,,,2,1,,,0,0,0,,,,,,,,,,0,0,0,0,0,0,0,0,0,0,0,0,68,0,0,0,0,0,0,0,0,0,0,,,0
73,#CSO_abyss3_kr,ZM_ABYSS3,0,0,0,0,0,0,0,0,73,0,1,1,1,1,1,1,1,1,q,hk,,,,,0,32,q,,73,1,1,,0,0,q,hk,,,,,q,0,0,73,0,0,0,0,,,,0,,,,,,,,,,0,0,0,,,,,,,,,,0,0,0,0,0,0,0,0,0,0,0,0,0,0,0,0,0,73,0,0,0,0,0,,,73
74,#cso_lostcity,zs_lostcity,0,0,0,0,0,0,0,0,0,0,1,0,0,0,0,0,0,0,i,hk,0.00045,19,22,17,0,10,i,,0,1,1,,0,0,,,,,,,,,,,10,1,5,3,0,1,,0,,,,0,,,,,,0,0,0,1,0,,,,,,,1,0,0,0,0,0,0,0,0,0,0,0,0,0,0,0,0,0,0,0,0,0,0,0,,,0
75,#cso_2gate,zs_2gate,0,0,0,0,0,0,0,0,0,0,1,0,0,0,0,0,0,0,m,hk,0.0005,121,115,81,0,10,m,,0,1,1,,0,0,,,,,,,,0,0,0,9,1,5,3,0,2,,0,,,,0,,,,,,0,0,0,1,0,,,,,,,1,0,0,0,0,0,0,0,0,0,0,0,0,0,0,0,0,0,0,0,0,0,0,0,,,0
76,#cso_trap,zs_trap,0,0,0,0,0,0,0,0,0,0,1,0,0,0,0,0,0,0,i,hk,0.0006,14,13,17,0,10,k,,0,1,1,,0,0,,,,,,,,0,0,0,20002,1,5,3,0,3,,0,,,,0,,,,,,0,0,0,1,0,,,,,,,1,0,0,0,0,0,0,0,0,0,0,0,0,0,0,0,0,0,0,0,0,0,0,0,,,0
77,#cso_lastclue,zs_lastclue,0,0,0,0,0,0,0,0,0,0,1,0,0,0,0,0,0,0,m,hk,0.00045,19,22,17,0,10,m,,0,1,1,,0,0,,,,,,,,0,0,0,20002,1,4,6,1,4,,0,,,,1,,,,,,0,0,0,1,1,,,,,,,1,0,0,0,0,0,0,0,0,0,0,0,0,0,0,0,0,0,0,0,0,0,0,0,,,0
78,#cso_run2,cso_run2,0,0,0,0,0,0,0,0,0,5,0,0,0,0,0,1,0,0,,,,,,,0,32,,,0,1,1,,0,0,,,,,,,,0,0,,0,0,0,0,,,,0,,,0,,,,,78,12,0,0,0,,,,,,,,,,0,0,0,0,0,0,0,0,0,0,0,0,0,0,0,0,0,0,0,0,0,0,0,,,0
81,#CSO_rats_kr,de_rats,81,10001,10002,81,81,81,0,0,81,0,1,1,1,1,1,1,1,1,g,hk,0.0012,39,35,21,0,32,i,,81,1,1,,1,10004,g,hk,0.0012,39,35,21,i,0,10003,10000,0,0,0,0,,,,0,,,,,,2,,,,81,0,0,,,,,,,,,,0,11,0,10003,10003,0,0,1,10003,10003,0,0,0,0,0,0,0,81,0,0,0,0,0,,,81
82,#cso_kart_kr,dm_kart,82,82,82,82,82,82,0,0,0,0,1,1,1,1,1,1,1,1,,,,,,,0,20,,,0,1,1,,1,,,,,,,,,,,,0,0,0,0,,,,0,,,,,,2,,,,0,0,0,,,,,,,,,,0,7,0,0,0,0,0,1,0,0,0,0,10000,0,0,0,0,0,0,0,0,0,0,,,0
83,#CSO_cage,sc_cage,0,0,0,0,0,0,0,0,0,0,1,0,0,0,0,0,0,0,,,,,,,0,10,,,0,1,1,,0,0,,,,,,,,0,0,0,0,0,0,0,,,,10001,1,1,0,,,,,83,16,0,0,0,,,,,,,,,,0,0,0,0,0,0,0,0,0,0,0,0,0,0,0,0,0,0,0,0,0,0,0,,,0
84,#CSO_Soccer01,sc_soccer01,0,0,0,0,0,0,0,0,0,0,1,0,0,0,0,0,0,0,,,,,,,0,32,,,0,1,1,,0,0,,,,,,,,0,0,0,0,0,0,0,,,,10002,2,2,0,,,,,84,16,0,0,0,,,,,,,,,,0,0,0,0,0,0,0,0,0,0,0,0,0,0,0,0,0,0,0,0,0,0,0,,,0
85,#cso_chaos,zs_chaos,0,0,0,0,0,0,0,0,0,0,1,0,0,0,0,0,0,0,m,hk,0.00045,19,22,17,0,10,m,,0,1,1,,0,0,,,,,,,,0,0,0,6,1,4,6,1,4,,0,,,,4,,,,,,0,0,0,1,1,,,,,,,1,0,0,0,0,0,0,0,0,0,0,0,0,0,0,0,0,0,0,0,0,0,0,0,,,0
88,#cso_desertstorm,hs_desertstorm,0,0,0,0,0,0,0,0,0,0,1,0,0,0,0,0,0,0,o,hs_,0.0004,121,116,97,0,10,o,,0,1,1,,0,0,,,,,,,,0,0,0,0,1,4,6,1,4,,0,,,10005,2,,,,,,0,0,0,,,,,,,,,,0,0,0,0,0,0,0,0,0,0,0,0,0,0,0,0,0,0,0,0,0,0,0,,,0
90,#cso_hellfire,hs_hellfire,0,0,0,0,0,0,0,0,0,0,1,0,0,0,0,0,0,0,o,hs_,0.0004,121,116,97,0,10,m,,0,2.5,2.5,,0,0,,,,,,,,0,0,0,0,1,4,6,1,4,,0,,,9,1,,,,,,0,0,0,,,,,,,,,,0,0,0,0,0,0,0,0,0,0,0,0,0,0,0,0,0,0,0,0,0,0,0,,,0
91,#cso_mosque_kr,hs_mosque,0,0,0,0,0,0,0,0,0,3,0,0,0,3,0,0,0,1,f,mist,0.0004,107,115,133,0,10,i,,0,0.8,0.8,,0,0,,,,,,,,0,0,0,0,1,4,6,1,4,,0,,,8,5,,,6,,,0,0,0,,,,,,,,,,0,0,0,0,0,0,0,0,0,0,0,0,0,0,0,0,0,0,0,0,0,0,0,,,0
93,#cso_blaze_kr,hs_blaze,0,0,0,0,0,0,0,0,0,0,1,0,0,0,0,0,0,0,o,hs4_,0.0006,153,158,161,0,10,o,,0,2.5,2.5,,0,0,,,,,,,,0,0,0,0,1,4,6,1,4,,0,,,7,1,,,,,,0,0,0,,,,,,,,,,0,0,0,0,0,0,0,0,0,0,0,0,0,0,0,0,0,0,0,0,0,0,0,,,0
94,#cso_metalgate_kr,ma_metalgate,0,0,0,0,0,0,0,0,0,0,1,0,0,0,0,0,0,0,n,LC,0.00045,19,22,17,0,16,n,,0,0.8,0.8,,0,0,,,,,,,,0,0,0,0,1,5,3,0,1,,0,,,,7,10006,,,,,0,0,0,,,,,,,,,,0,0,0,0,0,0,0,0,0,0,0,0,0,0,0,0,0,0,0,0,0,0,0,,,0
96,#cso_port_kr,DM_port,96,96,96,96,96,96,0,0,0,0,1,1,1,1,1,1,1,1,,,,,,,0,16,,,0,1,1,,1,0,j,hk,0.0009,4,10,15,j,0,0,,0,0,0,0,,,,0,,,0,,,2,,96,27,0,0,0,,,,,,10001,2,,,0,0,0,0,0,0,0,1,0,0,0,0,96,0,0,0,0,0,0,0,0,0,0,,,0
97,#cso_quasar_kr,ma_quasar,0,0,0,0,0,0,0,0,0,0,1,0,0,0,0,0,0,0,,,,,,,0,16,n,,0,0.8,0.8,,0,0,,,,,,,,0,0,0,0,1,5,3,0,1,,0,,,,7,97,,,,,0,0,0,,,,,,,,,,0,0,0,0,0,0,0,0,0,0,0,0,0,0,0,0,0,0,0,0,0,0,0,,,0
98,#cso_deadend,zs_deadend,0,0,0,0,0,0,0,0,0,0,1,0,0,0,0,0,0,0,q,NTDM2_,0.001,26,30,30,0,10,q,,0,1,1,,0,0,,,,,,,,0,0,0,10004,1,4,6,1,4,,0,,,0,1,,,,,,0,0,0,1,1,,,,,,,1,0,0,0,0,0,0,0,0,0,0,0,0,0,0,0,0,0,0,0,0,0,0,0,,,0
99,#CSO_industry2,DM_industry2,99,99,99,99,99,99,0,0,0,0,1,1,1,1,1,1,1,1,,,,,,,0,16,,,0,0.93,0.93,,1,0,,,,,,,,0,0,,0,0,0,0,,,,0,,,0,,,2,,,,99,0,0,,,,,,,,,,0,0,0,0,0,0,0,1,0,0,0,0,99,0,0,0,0,0,0,0,0,0,0,,,0
100,#cso_toscana_kr,de_toscana,100,100,100,100,100,100,100,100,0,0,1,1,1,1,1,1,1,1,,,,,,,0,32,,"""576 -416 216 -1780 -492 264""",0,1,1,,1,0,,,,,,,,0,0,,0,0,0,0,,,,0,,,0,,,1,,,,0,0,0,,,,,,,,,,0,28,0,0,0,0,0,1,0,0,0,0,100,0,100,0,0,0,0,0,0,0,0,,,0
101,#cso_nightmare_kr,zs_nightmare,0,0,0,0,0,0,0,0,0,0,1,0,0,0,0,0,0,0,l,Moon,0.0002,10,15,18,0,10,l,,0,1,1,,0,0,,,,,,,,0,0,0,0,1,4,6,1,4,,0,,,0,1,0,,,,,0,0,0,1,1,,,,,,,0,0,0,0,0,0,0,0,0,0,0,0,0,0,0,0,0,0,0,0,0,0,0,0,,,0
102,#cso_requiem,zm_requiem,0,0,0,0,0,0,0,0,102,0,1,1,1,1,1,1,1,1,j,tomb,0.0007,0,0,0,0,32,j,,102,1,1,,0,0,j,tomb,0.0007,0,0,0,j,0,0,102,0,0,0,0,,,,0,,,0,,,,,102,27,0,0,0,,,,,,10002,2,,,0,0,0,0,0,0,0,0,0,0,0,0,0,0,0,0,0,102,0,0,0,0,0,,,102
103,#cso_rest,zm_rest,0,0,0,0,0,0,0,0,103,0,1,1,1,1,1,1,1,1,k,z3,0.0015,28,27,32,0,32,k,,103,1.25,1.25,,0,0,k,z3,0.0015,28,27,32,k,0,0,103,0,0,0,0,,,,0,,,0,,,,,,,0,0,0,,,,,,,,,,0,0,0,0,0,0,0,0,0,0,0,0,0,0,0,0,0,103,0,0,0,0,0,,,0
104,#cso_origin,zm_origin,0,0,0,0,0,0,0,0,104,0,1,1,1,1,1,1,1,1,k,z3,0,0,0,0,0,32,k,,104,1,1,,0,0,k,z3,0,0,0,0,k,0,0,10001,0,0,0,0,,,,0,,,0,,,,,,,0,0,0,,,,,,,,,,0,0,0,0,0,0,0,0,0,0,0,0,0,0,0,0,0,104,0,0,0,0,0,,,104
105,#cso_suzhou,dm_suzhou,105,105,105,105,105,105,0,0,0,0,1,1,1,1,1,1,1,1,,,,,,,0,24,,,0,1,1,,1,0,,,,,,,,0,0,0,0,,,,,,,0,,,0,,,2,,,,105,0,0,,,,,,,,,,0,0,0,0,0,0,0,1,0,0,0,0,10004,0,0,0,0,0,0,0,0,0,0,,,0
106,#cso_trace,zs_trace,0,0,0,0,0,0,0,0,0,0,1,0,0,0,0,0,0,0,,,,,,,0,10,,,0,1,1,,0,0,,,,,,,,0,0,0,106,1,4,6,1,4,,0,,,0,1,,,,,,0,0,0,2,1,,,,,,,1,0,0,0,0,0,0,0,0,0,0,0,0,0,0,0,0,0,0,0,0,0,0,0,,,0
107,#cso_checkmate_kr,fun_checkmate,0,0,0,0,0,0,0,0,0,0,1,1,1,1,1,1,1,1,,,,,,,0,16,,,0,0.7,0.7,,1,0,,,,,,,,0,0,0,0,,,,,,,0,,,0,,,,7,107,19,107,0,0,,,,,,,,,,0,0,0,0,0,0,0,0,0,0,0,0,0,0,0,0,0,0,0,0,0,0,0,,,0
108,#cso_sidewinder,hs_sidewinder,0,0,0,0,0,0,0,0,0,0,1,0,0,0,0,0,0,0,o,hs_,0.0004,121,116,97,0,10,o,,0,1,1,,0,0,,,,,,,,0,0,0,0,1,4,6,1,4,,0,,,10006,2,,,,,,0,0,0,,,,,,,,,,0,0,0,0,0,0,0,0,0,0,0,0,0,0,0,0,0,0,0,0,0,0,0,,,0
109,#cso_harlem,hd_harlem,0,0,0,0,0,0,0,0,0,2,0,0,1,0,0,0,0,0,,,,,,,0,10,,,0,1,1,,0,0,,,,,,,,0,0,0,0,0,0,0,,,,0,,,0,,,,,,,0,0,0,,,,,,,,,,0,0,0,0,0,0,0,0,0,0,0,0,0,0,0,0,0,0,0,0,0,0,0,,,0
110,#cso_bloodcastle,ze_bloodcastle,0,0,0,0,0,0,0,0,0,0,1,1,1,1,1,1,1,1,,ze,,,,,0,32,,,0,1,1,,1,0,,,,,,,,0,0,0,0,0,0,0,,,,0,,,0,,,1,,,,0,0,0,,,,,10002,,,,,0,0,0,0,0,0,0,0,0,0,0,0,0,0,0,0,0,0,0,0,0,0,0,,,0
111,#CSO_blackout,bk_blackout,0,0,0,0,0,0,0,0,0,0,1,0,0,0,0,0,0,0, ,, , , , ,0,16, ,,0,1,1,,0,0,,, , , , , ,0,0,0,0,0,0,0,,,,0,,,0,,, ,,,,0,0,0,,,,,,,,,,0,0,0,0,0,0,0,0,0,0,0,0,0,0,0,0,0,0,0,0,0,0,0,,,0
112,#cso_culvert,zs_culvert,0,0,0,0,0,0,0,0,0,0,1,0,0,0,0,0,0,0,,,,,,,0,10,,,0,1,1,,0,0,,,,,,,,0,0,0,112,1,5,3,0,1,,0,,,0,8,,,,,,0,0,0,2,0,,,,,,,1,0,0,0,0,0,0,0,0,0,0,0,0,0,0,0,0,0,0,0,0,0,0,0,,,0
113,#cso_decoy,zs_decoy,0,0,0,0,0,0,0,0,0,0,1,0,0,0,0,0,0,0,,,,,,,0,10,,,0,1,1,,0,0,,,,,,,,0,0,0,113,1,4,6,1,4,,0,,,0,1,,,,,,0,0,0,2,1,,,,,,,1,0,0,0,0,0,0,0,0,0,0,0,0,0,0,0,0,0,0,0,0,0,0,0,,,0
114,#CSO_dust0,de_dust0,0,114,114,0,114,114,0,0,0,0,1,1,1,1,1,1,1,1,f,Mist2,0.0015,63,56,34,0,16,i,"""-1104 1176 16 721 144 16""",0,1,1,,1,0,h,hk,0.0006,63,56,34,k,0,0,0,0,0,0,0,,,,0,,,0,,,1,,,,0,10004,0,,,,,,,,,,0,10,0,0,0,0,0,1,0,0,0,0,10000,0,0,0,0,0,0,0,0,0,0,,,0
115,#CSO_bigtree,bzm_bigtree,0,0,0,0,0,0,0,0,0,0,1,1,1,1,1,1,1,1,,tdm,,,,,0,16,z,,0,1,1,,0,0,,,,,,,,0,0,0,0,0,0,0,,,,0,,,0,,,,,,,0,0,10001,,,,,,,,,,0,0,0,0,0,0,0,0,0,0,0,0,0,0,0,0,0,0,0,0,0,0,0,,,0
116,#CSO_forbidden,zm_forbidden,0,0,0,0,0,0,0,0,116,0,1,1,1,1,1,1,1,1,,hk,,,,,0,32,u,,10001,1,1,,0,0,,hs4_,,,,,,0,0,150,0,0,0,0,,,,0,,,0,,,,,,,0,0,0,,,,,,,,,,0,0,0,10009,0,0,0,0,10009,10009,0,0,0,0,0,116,0,116,0,0,0,0,0,,,0
117,#CSO_angra,zs_angra,0,0,0,0,0,0,0,0,0,0,1,0,0,0,0,0,0,0,,,,,,,0,10,,,0,1,1,,0,0,,,,,,,,0,0,0,117,1,4,6,1,4,,0,,,0,1,0,,,,,0,0,0,2,1,,,,,,,1,0,0,0,0,0,0,0,0,0,0,0,0,0,0,0,0,0,0,0,0,0,0,0,,,0
118,#CSO_skyline,ze_skyline,0,0,0,0,0,0,0,0,0,0,1,1,1,1,1,1,1,1,,NTDM2_,,,,,0,32,z,,0,1,1,,1,0,,NTDM2_,,,,,,0,0,0,0,0,0,0,,,,0,,,0,,0,1,,,,0,0,0,,,,,10003,,,,,0,0,0,0,0,0,0,0,0,0,0,0,0,0,0,0,0,0,0,0,0,0,0,,,0
119,#cso_nightmare2_kr,zs_nightmare2,0,0,0,0,0,0,0,0,0,0,1,0,0,0,0,0,0,0,l,Moon,0.0002,10,15,18,0,10,l,,0,1,1,,0,0,,,,,,,,0,0,0,0,1,4,6,1,4,,0,,,0,1,0,,,,,0,0,0,2,1,,,,,,,0,0,0,0,0,0,0,0,0,0,0,0,0,0,0,0,0,0,0,0,0,0,0,0,,,0
120,#CSO_angelcity,de_angelcity,0,120,120,0,120,120,0,0,0,0,1,1,1,1,1,1,1,1,f,an,0.0015,63,56,34,0,16,i,"""996 -304 -416""",0,0.88,0.88,,1,0,h,an,0.0006,63,56,34,k,0,0,0,0,0,0,0,,,,0,,,0,,0,1,,,,0,10003,0,,,,,,,,,,0,0,0,0,0,0,0,1,0,0,0,0,10005,0,0,0,0,0,0,0,0,0,0,,,0
121,#CSO_contact,zs_contact,0,0,0,0,0,0,0,0,0,0,1,0,0,0,0,0,0,0,i,hs4_,,,,,0,10,i,,0,1,1,,0,0,i,hs4_,,,,,i,0,0,0,121,1,4,6,1,4,,0,,,0,1,0,,,,,0,0,0,3,1,,,,,,,1,0,0,0,0,0,0,0,0,0,0,0,0,0,0,0,0,0,0,0,0,0,0,0,,,0
122,#CSO_venice,ze_venice,0,0,0,0,0,0,0,0,0,0,1,1,1,1,1,1,1,1,o,trace,,,,,0,32,o,,0,1,1,,1,0,,trace,,,,,,0,0,0,0,0,0,0,,,,0,,,0,,0,1,,,,0,0,0,,,,,10001,,,,,0,0,0,0,0,0,0,0,0,0,0,0,0,0,0,0,0,0,0,0,0,0,0,,,0
123,#CSO_behind,zs_behind,0,0,0,0,0,0,0,0,0,0,1,0,0,0,0,0,0,0,q,strange,,,,,0,10,q,,0,1,1,,0,0,,strange,,,,,,0,0,0,123,1,4,6,1,4,,0,,,0,1,0,,,,,0,0,0,3,1,,,,,,,1,0,0,0,0,0,0,0,0,0,0,0,0,0,0,0,0,0,0,0,0,0,0,0,,,0
125,#CSO_urban,br_urban,0,0,0,0,0,0,0,0,0,0,1,1,1,1,1,1,1,1,o,decoy,0.0006,46,50,56,0,12,i,,0,1,1,,1,0,h,hk,0.0006,63,56,34,k,0,0,0,0,0,0,0,,,,0,,,0,,0,1,,,,0,0,0,,,,,,,,,,0,0,0,0,0,0,0,0,0,0,0,0,0,0,0,0,0,0,0,0,0,0,0,,,0
126,#cso_defense,zs_defense,0,0,0,0,0,0,0,0,0,0,1,0,0,0,0,0,0,0,m,decoy,,,,,0,10,m,,0,1,1,decoy,0,0,m,decoy,,,,,m,0,0,0,126,4,0,5,0,2,,0,,,0,3,0,,,,,0,0,0,3,1,,,,,,,1,0,0,0,0,0,0,0,0,0,0,0,0,0,0,0,0,0,0,0,0,0,0,0,,,0
127,#CSO_santorini,de_santorini,127,127,127,127,127,127,127,127,20003,0,1,1,1,1,1,1,1,1,h,san_,0.0015,152,163,209,0,32,h,"""-492 852 -72 -1128 -120 -184""",20009,1,1,,1,0,f,san_,0.0015,152,163,209,f,0,0,10009,0,0,0,0,,,,0,,,0,,0,1,,,,0,10005,0,,,,,,,,,,0,24,0,10008,0,0,0,1,10008,10008,0,0,10007,0,0,0,0,127,0,0,0,0,0,,,0
128,#CSO_panic,zs_panic,0,0,0,0,0,0,0,0,0,0,1,0,0,0,0,0,0,0,q,strange,,,,,0,10,q,,0,1,1,,0,0,,strange,,,,,,0,0,0,20001,1,4,6,0,4,,0,,,0,1,0,,,,,0,0,0,3,1,,,,,,,1,0,0,0,0,0,0,0,0,0,0,0,0,0,0,0,0,0,0,0,0,0,0,0,,,0
129,#CSO_hitchhiking,ze_hitchhiking,0,0,0,0,0,0,0,0,0,0,1,1,1,1,1,1,1,1,o,NTDM2_,,,,,0,32,o,,0,1,1,,1,0,,NTDM2_,,,,,,0,0,0,0,0,0,0,,,,0,,,0,,0,1,,,,0,0,0,,,,,10004,,,,,0,0,0,0,0,0,0,0,0,0,0,0,0,0,0,0,0,0,0,0,0,0,0,,,0
130,#CSO_blizzard,sm_blizzard,0,0,0,0,0,0,0,0,0,0,1,1,1,1,1,1,1,1,o,snowlake_,,,,,0,16,o,,0,1,1,,1,0,,snowlake_,,,,,,0,0,0,0,0,0,0,,,,0,,,0,,0,1,,130,27,0,0,0,,,,,,,1,,,0,0,0,0,0,0,0,0,0,0,0,0,0,0,0,0,0,0,0,0,0,0,0,,,0
131,#CSO_encounter,zs_encounter,0,0,0,0,0,0,0,0,0,0,1,0,0,0,0,0,0,0,q,NTDM2_,0.0002,26,30,30,0,10,q,,,1,1,,0,0,,,,,,,,0,0,0,131,1,4,6,1,4,,0,,,0,1,0,,,,,0,0,0,4,1,,,,,,,1,0,0,0,0,0,0,0,0,0,0,0,0,0,0,0,0,0,0,0,0,0,0,0,,,0
132,#CSO_darksnow,dm_darksnow,0,132,132,0,132,132,0,0,20001,0,1,1,1,1,1,1,1,1,o,snowlake_,,,,,0,24,o,,20001,1,1,,1,0,o,snowlake_,,,,,o,0,0,10001,0,0,0,0,,,,0,,,0,,0,,,,,0,0,0,,,,,,,,,,0,0,0,0,0,0,0,1,0,0,0,0,10008,0,0,0,0,0,0,0,0,0,0,,,0
133,#CSO_conspiracy,zs_conspiracy,0,0,0,0,0,0,0,0,0,0,1,0,0,0,0,0,0,0,q,2office,0.001,26,30,30,0,10,q,,0,1,1,,0,0,,,,,,,,0,0,0,133,1,4,6,1,4,,0,,,0,1,0,,,,,0,0,0,4,1,,,,,,,1,0,0,0,0,0,0,0,0,0,0,0,0,0,0,0,0,0,0,0,0,0,0,0,,,0
134,#cso_nightmare3_kr,zs_nightmare3,0,0,0,0,0,0,0,0,0,0,1,0,0,0,0,0,0,0,q,tomb,0.0002,10,15,18,0,10,q,,0,1,1,,0,0,,,,,,,,0,0,0,0,1,4,6,1,4,,0,,,0,1,0,,,,,0,0,0,3,1,,,,,,,0,0,0,0,0,0,0,0,0,0,0,0,0,0,0,0,0,0,0,0,0,0,0,0,,,0
135,#CSO_deadcity_pvp,zsh_deadcity_pvp,0,0,0,0,0,0,0,0,0,0,1,0,0,0,0,0,0,0,o,trainyard,0,225,225,225,0,8,o,,0,1,1,,0,0,o,trainyard,225,225,225,0,o,0,0,0,0,0,0,0,0,0,,0,,,0,9,0,,,,,0,0,0,,,,,,,,10001,0,0,0,0,0,0,0,0,0,0,0,0,0,0,0,0,0,0,0,0,0,0,0,0,,,0
136,#CSO_deadcity_pve,zsh_deadcity_pve,0,0,0,0,0,0,0,0,0,0,1,0,0,0,0,0,0,0,o,trainyard,0,225,225,225,0,4,o,,0,1,1,,0,0,o,trainyard,225,225,225,0,o,0,0,0,0,0,0,0,0,0,,0,,,0,,0,,,,,0,0,0,,,,,,,,10002,1,0,0,0,0,0,0,0,0,0,0,0,0,0,0,0,0,0,0,0,0,0,0,0,,,0
137,#CSO_darkcity,zm_darkcity,0,0,0,0,0,0,0,0,0,0,1,1,1,1,1,1,1,1,f,NTDM3_,0.0005,51,44,38,0,32,f,,0,1,1,,0,0,f,NTDM3_,0.0005,51,44,38,f,0,0,0,0,0,0,0,,,,0,,,0,,0,,,,,0,0,0,,,,,,,,,,10004,0,0,0,0,0,0,0,0,0,0,0,0,0,0,0,0,0,0,0,0,0,0,,,0
138,#CSO_shoreline,zm_shoreline,0,0,0,0,0,0,0,0,0,0,1,1,1,1,1,1,1,1,o,Z4line_,0.0005,20,32,35,0,32,i,,0,1,1,,0,0,h,Z4line_,0.0005,63,56,34,k,0,0,0,0,0,0,0,,,,0,,,0,,0,,,,,0,0,0,,,,,,,,,,10005,0,0,0,0,0,0,0,0,0,0,0,0,0,0,0,0,0,0,0,0,0,0,,,0
139,#CSO_envymask,zs_envymask,0,0,0,0,0,0,0,0,0,0,1,0,0,0,0,0,0,0,p,snowlake_,,,,,0,10,p,,0,3.3,3.3,,0,0,p,snowlake_,,,,,,0,0,0,20001,1,4,6,1,4,,0,,,0,1,0,,,,,0,0,0,4,1,,,,,,,1,0,0,0,0,0,0,0,0,0,0,0,0,0,0,0,0,0,0,0,0,0,0,0,,,0
140,#CSO_dustcity_pve,zsh_dustcity_pve,0,0,0,0,0,0,0,0,0,0,1,0,0,0,0,0,0,0,o,hs_,0,121,116,97,0,4,o,,0,1,1,,0,0,o,hs_,0,121,116,97,o,0,0,0,0,0,0,0,0,0,,0,,,0,,0,,,,,0,0,0,,,,,,,,10003,1,0,0,0,0,0,0,0,0,0,0,0,0,0,0,0,0,0,0,0,0,0,0,0,,,0
141,#CSO_turkey,de_turkey,0,0,0,0,0,0,0,0,0,0,1,1,1,1,1,1,1,1,f,hs_,0,,,,0,32,f,"""-1104 -323 24 1032 -592 48""",0,1,1,,1,0,f,hs_,,,,,,0,0,0,0,0,0,0,,,,0,,,0,,0,1,,,,0,0,0,,,,,,,,,,0,0,0,0,0,0,0,1,0,0,0,0,0,0,0,0,0,0,0,0,0,0,0,,,0
142,#CSO_metro,bzm_metro,0,0,0,0,0,0,0,0,142,0,1,1,1,1,1,1,1,1,u,trainyard,0.0005,22,23,23,0,24,u,,10000,1,1,,0,0,u,trainyard,0.0005,22,23,23,u,0,0,142,0,0,0,0,,,,0,,,0,,0,,,,,0,0,10002,,,,,,,,,,0,0,0,10007,0,0,0,0,10007,10007,0,0,0,0,0,142,0,142,0,0,0,0,0,,,0
143,#CSO_paranoia,zs_paranoia,0,0,0,0,0,0,0,0,0,0,1,0,0,0,0,0,0,0,i,snowlake_,,,,,0,10,i,,0,3.3,3.3,,0,0,i,snowlake_,,,,,,0,0,0,10002,1,4,6,1,4,,0,,,0,1,0,,,,,0,0,0,4,1,,,,,,,1,0,0,0,0,0,0,0,0,0,0,0,0,0,0,0,0,0,0,0,0,0,0,0,,,0
144,#CSO_zombieux,zs_zombieux,0,0,0,0,0,0,0,0,0,0,1,0,0,0,0,0,0,0,m,LC,0.00045,19,22,17,0,10,m,,0,1,1,,0,0,,,,,,,,0,0,0,0,0,0,0,,,,0,,,0,1,0,,,,,0,0,0,,0,,,,,,,,0,0,0,0,0,0,0,0,0,0,0,0,0,0,0,0,0,0,0,0,0,0,0,,,0
145,#CSO_forsaken,zg_forsaken,0,0,0,0,0,0,0,0,0,0,1,0,0,0,0,0,0,0,,,,,,,0,18,,,0,0.39,1,,0,0,,,,,,,,0,0,0,0,0,0,0,,,,0,,,0,,0,,,,,0,0,0,,,,,,,,,,0,0,145,0,0,0,0,0,0,0,0,0,0,0,0,0,0,0,0,0,0,0,0,,,0
146,#CSO_evacuate1,zs_evacuate1,0,0,0,0,0,0,0,0,0,0,1,0,0,0,0,0,0,0,o,zs5AE,0.0004,97,109,121,0,10,o,,0,3.3,3.3,,0,0,i,zs5AE,0.0004,97,109,121,o,0,0,0,20000,1,4,6,1,4,,0,,,0,1,0,,,,,0,0,0,5,1,,,,,,,1,0,0,0,0,0,0,0,0,0,0,0,0,0,0,0,0,0,0,0,0,0,0,0,,,0
147,#CSO_evacuate2,zs_evacuate2,0,0,0,0,0,0,0,0,0,0,1,0,0,0,0,0,0,0,q,an,,,,,0,10,q,,0,3.3,3.3,,0,0,q,an,,,,,q,0,0,0,0,1,4,6,1,4,,0,,,0,1,0,,,,,0,0,0,5,1,,,,,,,1,0,0,0,0,0,0,0,0,0,0,0,0,0,0,0,0,0,0,0,0,0,0,0,,,0
148,#CSO_evacuate3,zs_evacuate3,0,0,0,0,0,0,0,0,0,0,1,0,0,0,0,0,0,0,i,hs4_,0.0004,80,76,61,0,10,o,,0,3.3,3.3,,0,0,i,hs4_,0.0004,80,76,61,o,0,0,0,0,1,4,6,1,4,,0,,,0,1,0,,,,,0,0,0,5,1,,,,,,,1,0,0,0,0,0,0,0,0,0,0,0,0,0,0,0,0,0,0,0,0,0,0,0,,,0
149,#CSO_iceworld,fy_iceworld,0,0,0,0,0,0,0,0,0,0,1,0,1,0,0,0,0,0,,,,,,,0,20,,,0,0.41,0.44,,0,0,,,,,,,,0,0,0,0,0,0,0,,,,0,,,0,,0,,,,,20012,0,0,,,,,,,,,,0,0,0,0,0,0,0,0,0,0,0,0,0,0,0,0,0,0,0,0,0,0,0,,,0
150,#CSO_hellride_pve,zsh_hellride_pve,0,0,0,0,0,0,0,0,0,0,1,0,0,0,0,0,0,0,o,trainyard,0,225,225,225,0,4,o,,0,1,1,,0,0,o,trainyard,225,225,225,0,o,0,0,0,0,0,0,0,0,0,,0,,,0,,0,,,,,0,0,0,,,,,,,,10004,1,0,0,0,0,0,0,0,0,0,0,0,0,0,0,0,0,0,0,0,0,0,0,0,,,0
151,#CSO_splash,zg_splash,0,0,0,0,0,0,0,0,0,0,1,0,0,0,0,0,0,0,,,,,,,0,12,,,0,0.5,1,,0,0,,,,,,,,0,0,0,0,0,0,0,,,,0,,,0,,0,,,,,0,0,0,,,,,,,,,,0,0,10001,0,0,0,0,0,0,0,0,0,0,0,0,0,0,0,0,0,0,0,0,,,0
152,#cso_nightmare4_kr,zs_nightmare4,0,0,0,0,0,0,0,0,0,0,1,0,0,0,0,0,0,0,p,snowlake_,,,,,0,10,p,,0,1,1,,0,0,p,snowlake_,,,,,,0,0,0,0,1,4,6,1,4,,0,,,0,1,0,,,,,0,0,0,4,1,,,,,,,0,0,0,,0,0,0,0,0,0,0,0,0,0,0,0,0,0,0,0,0,0,0,0,,,0
153,#CSO_standalone1,pve_standalone1,0,0,0,0,0,0,0,0,0,0,1,0,0,0,0,0,0,0,i,env1,,,,,0,10,i,,0,1,1,,0,0,i,env1,,,,,i,0,0,0,0,1,4,6,1,4,,0,,,0,1,0,,,,,0,0,0,5,1,,,,,,,1,0,0,,0,0,10010,162,0,0,0,0,0,0,0,0,0,0,0,0,0,0,0,0,,,0
154,#CSO_standalone2,pve_standalone2,0,0,0,0,0,0,0,0,0,0,1,0,0,0,0,0,0,0,i,hs4_,0.001,0,0,0,0,10,i,,0,1,1,,0,0,i,hs4_,,,,,i,0,0,0,0,1,4,6,1,4,,0,,,0,1,0,,,,,0,0,0,5,1,,,,,,,1,0,0,,0,0,10009,394,0,0,0,0,0,0,0,0,0,0,0,0,0,0,0,0,,,0
155,#cso_rising,ze_rising,0,0,0,0,0,0,0,0,0,0,1,1,1,1,1,1,1,1,f,construction_,0.0008,18,16,23,0,32,f,,0,1,1,,1,0,f,construction_,0.001,18,16,23,f,0,0,0,0,0,0,0,,,,0,,,0,,0,1,,,,0,0,0,,,,,10005,,,,,0,0,,0,0,0,0,0,0,0,0,0,0,0,0,0,0,0,0,0,0,0,0,,,0
156,#CSO_memories1,zs_memories1,0,0,0,0,0,0,0,0,0,0,1,0,0,0,0,0,0,0,i,trainyard,0.0004,34,34,37,0,10,i,,0,3.3,3.3,,0,0,i,trainyard,,,,,i,0,0,0,10009,1,4,6,1,4,,0,,,0,1,0,,,,,0,0,0,5,1,,,,,,,1,0,0,,0,0,0,0,0,0,0,0,0,0,0,0,0,0,0,0,0,0,0,0,,,0
157,#CSO_memories2,zs_memories2,0,0,0,0,0,0,0,0,0,0,1,0,0,0,0,0,0,0,i,trainyard,,,,,0,10,i,,0,1,1,,0,0,i,trainyard,,,,,i,0,0,0,0,1,4,6,1,4,,0,,,0,1,0,,,,,0,0,0,5,1,,,,,,,1,0,0,,0,0,0,0,0,0,0,0,0,0,0,0,0,0,0,0,0,0,0,0,,,0
158,#CSO_memories3,zs_memories3,0,0,0,0,0,0,0,0,0,0,1,0,0,0,0,0,0,0,i,trainyard,,,,,0,10,i,,0,1,1,,0,0,i,trainyard,,,,,i,0,0,0,0,1,4,6,1,4,,0,,,0,1,0,,,,,0,0,0,5,1,,,,,,,1,0,0,,0,0,0,0,0,0,0,0,0,0,0,0,0,0,0,0,0,0,0,0,,,0
159,#CSO_trainfactory,dm_trainfactory,10003,10003,10003,10003,10003,10003,0,0,0,13,0,0,0,0,0,0,0,0,,,,,,,0,16,,,0,1,1,,0,0,,,,,,,,0,0,0,0,0,0,0,,,,0,,,0,,0,2,8,,,0,0,0,,,,,,,,,,0,0,,0,0,0,0,1,0,0,0,0,0,0,0,0,0,0,0,0,0,0,0,,,0
160,#CSO_standalone3,pve_standalone3,0,0,0,0,0,0,0,0,0,0,1,0,0,0,0,0,0,0,q,ze,0.0001,36,39,38,0,10,q,,0,1,1,,0,0,q,ze,0.0001,36,39,38,q,0,0,0,0,1,4,6,1,4,,0,,,0,1,0,,,,,0,0,0,5,1,,,,,,,1,0,0,,0,0,10003,394,0,0,0,0,0,0,0,0,0,0,0,0,0,0,0,0,,,0
161,#CSO_warehouse,dm_warehouse,0,10004,10004,0,10004,10004,0,0,0,0,1,1,1,1,1,1,1,1,,,,,,,0,16,,,0,1,1,,1,0,,,,,,,,0,0,0,0,0,0,0,,,,0,,,0,,0,,,,,10011,0,0,,,,,,,,,,0,0,0,0,0,0,0,1,0,0,0,0,0,0,0,0,0,0,0,0,0,0,0,,,0
162,#CSO_suddendeath,fun_suddendeath,0,0,0,0,0,0,0,0,0,0,1,1,1,1,1,1,1,1,,,,,,,0,32,,,0,1,1,,1,0,,,,,,,,0,0,0,0,0,0,0,,,,0,,,0,,0,,,,,0,0,0,,,,,,,,,,0,0,0,0,0,0,0,1,0,0,0,0,0,0,0,0,0,0,0,0,0,0,0,,,0
163,#CSO_anothertruth1,zs_anothertruth1,0,0,0,0,0,0,0,0,0,0,1,0,0,0,0,0,0,0,q,NTDM2_,0.00001,35,53,83,0,10,q,,0,3.3,3.3,,0,0,i,NTDM2_,,,,,i,0,0,0,10099,1,4,6,1,4,,0,,,0,1,0,,,,,0,0,0,5,1,,,,,,,1,0,0,,0,0,0,0,0,0,0,0,0,0,0,0,0,0,0,0,0,0,0,0,,,0
164,#CSO_anothertruth2,zs_anothertruth2,0,0,0,0,0,0,0,0,0,0,1,0,0,0,0,0,0,0,q,NTDM2_,0.0004,26,33,45,0,10,q,,0,3.3,3.3,,0,0,i,NTDM2_,,,,,i,0,0,0,0,1,4,6,1,4,,0,,,0,1,0,,,,,0,0,0,5,1,,,,,,,1,0,0,,0,0,0,0,0,0,0,0,0,0,0,0,0,0,0,0,0,0,0,0,,,0
165,#CSO_anothertruth3,zs_anothertruth3,0,0,0,0,0,0,0,0,0,0,1,0,0,0,0,0,0,0,f,de_2storm,,,,,0,10,f,,0,3.3,3.3,,0,0,i,de_2storm,,,,,i,0,0,0,0,1,4,6,1,4,,0,,,0,1,0,,,,,0,0,0,5,1,,,,,,,1,0,0,,0,0,0,0,0,0,0,0,0,0,0,0,0,0,0,0,0,0,0,0,,,0
166,#CSO_outcity,zt_outcity,0,0,0,0,0,0,0,0,0,5,0,0,0,0,0,1,0,0,h,green,,,,,0,32,h,,0,1,1,,0,0,h,green,,,,,h,0,0,0,0,0,0,0,,,,0,,,0,,0,,,166,37,0,0,0,,,,,,,,,,0,0,0,0,0,0,0,0,0,0,1,0,0,0,0,0,0,0,0,0,0,0,0,,,0
167,#CSO_greesia,zt_greesia,0,0,0,0,0,0,0,0,0,5,0,0,0,0,0,1,0,0,h,trainyard,,,,,0,32,h,,0,1,1,,0,0,h,trainyard,,,,,h,0,0,0,0,0,0,0,,,,0,,,0,,0,,,167,37,0,0,0,,,,,,,,,,0,0,0,0,0,0,0,0,0,0,1,0,0,0,0,0,0,0,0,0,0,0,0,,,0
168,#CSO_bunnyyard,DM_bunnyyard,0,0,0,0,0,0,0,0,0,0,1,1,1,1,1,1,1,1,,,,,,,0,16,,,0,1,1,,1,0,,,,,,,,0,0,0,0,0,0,0,,,,0,,,0,,0,,,,,10005,0,0,,,,,,,,,,0,0,0,0,0,0,0,0,0,0,0,0,0,0,0,0,0,0,0,0,0,0,0,,,0
169,#CSO_parking,DM_parking,0,0,0,0,0,0,0,0,0,0,1,1,1,1,1,1,1,1,,,,,,,0,16,,,0,1,1,,1,0,,,,,,,,0,0,0,0,0,0,0,,,,0,,,0,,0,,,,,10004,0,0,,,,,,,,,,0,0,0,0,0,0,0,0,0,0,0,0,0,0,0,0,0,0,0,0,0,0,0,,,0
170,#CSO_bosschase,zs_bosschase,0,0,0,0,0,0,0,0,0,0,1,0,0,0,0,0,0,0,o,decoy,,,,,0,10,o,,0,2.8,2.9,,0,0,o,decoy,,,,,,0,0,0,10010,1,4,6,1,4,,0,,,0,10,0,,,,,0,0,0,5,1,,,,,,,1,0,0,0,0,0,0,0,0,0,0,0,0,0,0,0,0,0,0,0,0,0,0,0,,,0
171,#CSO_wintershelter,de_wintershelter,10005,10005,10005,10005,10005,10005,0,0,20004,0,1,1,1,1,1,1,1,1,f,de_2storm,0.0015,63,56,34,0,32,i,"""320 64 -192 1472 -128 -96""",20010,1,1,,1,0,h,hk,0.0006,63,56,34,k,0,0,10001,0,0,0,0,,,,0,,,0,,0,1,,,,0,20001,0,,,,,,,,,,0,0,0,10006,0,0,0,1,10006,10006,0,0,171,0,0,0,0,171,0,0,0,0,0,,,0
172,#CSO_lastride1,zs_lastride1,0,0,0,0,0,0,0,0,0,0,1,0,0,0,0,0,0,0,q,NTDM2_,0.00001,35,53,83,0,10,q,,0,3.3,3.3,,0,0,i,NTDM2_,,,,,i,0,0,0,10100,1,4,6,1,4,,0,,,0,1,0,,,,,0,0,0,5,1,,,,,,,1,0,0,,0,0,0,0,0,0,0,0,0,0,0,0,0,0,0,0,0,0,0,0,,,0
173,#CSO_lastride2,zs_lastride2,0,0,0,0,0,0,0,0,0,0,1,0,0,0,0,0,0,0,q,NTDM2_,0.00001,35,53,83,0,10,q,,0,3.3,3.3,,0,0,i,NTDM2_,,,,,i,0,0,0,0,1,4,6,1,4,,0,,,0,3,0,,,,,0,0,0,5,1,,,,,,,1,0,0,,0,0,0,0,0,0,0,0,0,0,0,0,0,0,0,0,0,0,0,0,,,0
174,#CSO_lastride3,zs_lastride3,0,0,0,0,0,0,0,0,0,0,1,0,0,0,0,0,0,0,q,NTDM2_,0.00001,35,53,83,0,10,q,,0,3.3,3.3,,0,0,i,NTDM2_,,,,,i,0,0,0,0,1,4,6,1,4,,0,,,0,1,0,,,,,0,0,0,5,1,,,,,,,1,0,0,,0,0,0,0,0,0,0,0,0,0,0,0,0,0,0,0,0,0,0,0,,,0
178,#CSO_rhyzome,ze_rhyzome,0,0,0,0,0,0,0,0,0,0,1,1,1,1,1,1,1,1,o,camo,,,,,0,32,o,,0,1,1,,1,0,o,camo,,,,,o,0,0,0,0,0,0,0,,,,0,,,0,,0,1,,,,0,0,0,,,,,10001,,,,,0,0,0,0,0,0,0,0,0,0,0,0,0,0,0,0,0,0,0,0,0,0,0,,,0
179,#CSO_farero,bzm_farero,0,20011,20011,0,0,0,0,0,0,0,1,1,1,1,1,1,1,1,o,sky03_,,,,,0,32,o,,0,1,1,,0,0,o,sky03_,,,,,o,0,0,0,0,0,0,0,,,,0,,,0,,0,,,,,10010,0,10100,,,,,,,,,,0,0,0,0,0,0,0,1,0,0,0,0,20002,0,0,0,0,0,0,0,0,0,0,,,0
181,#CSO_italy_event_zombi_3,cs_italy,0,0,0,0,0,0,0,0,0,0,1,1,1,1,1,1,1,1,g,hk,0.00095,15,12,9,0,32,h,,0,1.24,1.28,,1,0,j,hk,0.0007,15,12,9,j,0,0,0,0,0,0,0,,,,0,,,0,,0,3,,,,0,0,0,,,,,,,,,,0,0,0,0,0,0,0,1,0,0,0,1,0,0,0,0,,0,0,0,0,0,0,,,0
182,#CSO_dust_event_zombi_3,de_dust,0,0,0,0,0,0,0,0,0,0,1,1,1,1,1,1,1,1,e,hk,0.001,0,0,0,0,32,j,"""1919 651 61 379 -1648 131""",0,1.19,1.23,,1,0,h,hk,0.0007,0,0,0,i,0,0,0,0,0,0,0,,,,0,,,0,,0,1,,,,0,0,0,,,,,,,,,,0,0,0,0,0,0,0,1,0,0,0,1,0,0,0,0,,0,0,0,0,0,0,,,0
183,#CSO_memories1_ModeEvent,zs_memories1,0,0,0,0,0,0,0,0,0,0,1,0,0,0,0,0,0,0,i,trainyard,,,,,0,10,i,,0,3.3,3.3,,0,0,i,trainyard,,,,,i,0,0,0,0,1,4,6,1,4,,0,,,0,1,0,,,,,0,0,0,5,1,,,,,,,1,0,0,,0,0,0,0,0,0,0,0,1,0,0,0,0,0,0,0,0,0,0,0,,,0
184,#CSO_memories2_ModeEvent,zs_memories2,0,0,0,0,0,0,0,0,0,0,1,0,0,0,0,0,0,0,i,trainyard,,,,,0,10,i,,0,3.3,3.3,,0,0,i,trainyard,,,,,i,0,0,0,0,1,4,6,1,4,,0,,,0,1,0,,,,,0,0,0,5,1,,,,,,,1,0,0,,0,0,0,0,0,0,0,0,1,0,0,0,0,0,0,0,0,0,0,0,,,0
185,#CSO_memories3_ModeEvent,zs_memories3,0,0,0,0,0,0,0,0,0,0,1,0,0,0,0,0,0,0,i,Moon,,,,,0,10,i,,0,3.3,3.3,,0,0,i,Moon,,,,,i,0,0,0,0,1,4,6,1,4,,0,,,0,1,0,,,,,0,0,0,5,1,,,,,,,1,0,0,,0,0,0,0,0,0,0,0,1,0,0,0,0,0,0,0,0,0,0,0,,,0
186,#CSO_italy_event2_zombi_3,cs_italy,0,0,0,0,0,0,0,0,0,0,1,1,1,1,1,1,1,1,g,hk,0.00095,15,12,9,0,20,h,,0,1.24,1.28,,1,0,j,hk,0.0007,15,12,9,j,0,0,0,0,0,0,0,,,,0,,,0,,0,3,,,,0,0,0,,,,,,,,,,0,0,0,0,0,0,0,1,0,0,0,1,0,0,0,0,0,0,0,0,0,0,0,,,0
187,#CSO_mschoi1,zs_mschoi1,0,0,0,0,0,0,0,0,0,0,1,0,0,0,0,0,0,0,q,NTDM2_,0.00001,35,53,83,0,10,q,,0,3.3,3.3,,0,0,i,NTDM2_,,,,,i,0,0,0,10101,1,4,6,1,4,,0,,,0,1,0,,,,,0,0,0,6,1,,,,,,,1,0,0,,0,0,0,0,0,0,0,0,0,0,0,0,0,0,0,0,0,0,0,0,,,0
188,#CSO_mschoi2,zs_mschoi2,0,0,0,0,0,0,0,0,0,0,1,0,0,0,0,0,0,0,q,NTDM2_,0.00001,35,53,83,0,10,q,,0,3.3,3.3,,0,0,i,NTDM2_,,,,,i,0,0,0,0,1,4,6,1,4,,0,,,0,1,0,,,,,0,0,0,6,1,,,,,,,1,0,0,,0,0,0,0,0,0,0,0,0,0,0,0,0,0,0,0,0,0,0,0,,,0
189,#CSO_mschoi3,zs_mschoi3,0,0,0,0,0,0,0,0,0,0,1,0,0,0,0,0,0,0,q,NTDM2_,0.00001,35,53,83,0,10,q,,0,3.3,3.3,,0,0,i,NTDM2_,,,,,i,0,0,0,0,1,4,6,1,4,,0,,,0,1,0,,,,,0,0,0,6,1,,,,,,,1,0,0,,0,0,0,0,0,0,0,0,0,0,0,0,0,0,0,0,0,0,0,0,,,0
190,#CSO_mirage,de_mirage,10006,10006,10006,10006,10006,10006,0,0,10006,0,1,1,1,1,1,1,1,1,o,hs_,0.0003,208,190,167,0,32,o,"""1456 -200 0 -992 -1656 16""",10006,1.19,1.23,,1,0,o,hs_,0.0003,208,190,167,o,0,0,0,0,0,0,0,,,,0,,,0,,0,1,,,,10006,10006,0,,,,,,,,,,0,0,0,0,0,0,0,1,0,0,0,0,20001,0,0,0,0,0,0,0,0,0,0,,,0
191,#CSO_assault_event_zombi_3,cs_assault,0,0,0,0,0,0,0,0,0,0,1,1,1,1,1,1,1,1,h,hk,0.001,7,6,9,0,32,i,,0,1.2,1.21,,1,0,j,hk,0.0007,7,6,9,k,0,0,0,0,0,0,0,,,,0,,,0,,0,3,,,,0,0,0,,,,,,,,,,0,0,0,0,0,0,0,1,0,0,0,1,0,0,0,0,,0,0,0,0,0,0,,,0
192,#CSO_estate_event_zombi_3,cs_estate,0,0,0,0,0,0,0,0,0,0,1,1,1,1,1,1,1,1,k,hk,0.0015,107,115,133,0,32,k,,0,1.18,1.2,,1,0,o,hk,0.0009,0,10,15,j,0,24,0,0,0,0,0,,,,0,,,0,,0,3,,,,0,0,0,,,,,,,,,,0,0,0,0,0,0,0,1,0,0,0,1,0,0,0,0,,0,0,0,0,0,0,,,0
193,#CSO_deadcity_event_pve,zsh_deadcity_event_pve,0,0,0,0,0,0,0,0,0,0,1,0,0,0,0,0,0,0,o,trainyard,0,225,225,225,0,4,o,,0,1,1,,0,0,o,trainyard,225,225,225,0,o,0,0,0,0,0,0,0,0,0,,0,,,0,,0,,,,,0,0,0,,,,,,,,0,1,0,0,0,0,0,0,0,0,0,0,0,1,0,0,0,0,0,0,0,0,0,0,0,,,0
194,#CSO_victor1,zs_victor1,0,0,0,0,0,0,0,0,0,0,1,0,0,0,0,0,0,0,g,vic_d_cloudy_,0.0006,66,66,66,0,10,g,,0,3.3,3.3,,0,0,g,vic_d_cloudy_,0.0006,66,66,66,g,0,0,0,10102,1,4,6,1,4,,0,,,0,1,0,,,,,0,0,0,6,1,,,,,,,1,0,0,,0,0,0,0,0,0,0,0,0,0,0,0,0,0,0,0,0,0,0,0,,,0
195,#CSO_victor2,zs_victor2,0,0,0,0,0,0,0,0,0,0,1,0,0,0,0,0,0,0,e,vic_sunrise_,0.0004,75,125,200,0,10,e,,0,3.3,3.3,,0,0,e,vic_sunrise_,0.0004,75,125,200,e,0,0,0,0,1,4,6,1,4,,0,,,0,1,0,,,,,0,0,0,6,1,,,,,,,1,0,0,,0,0,0,0,0,0,0,0,0,0,0,0,0,0,0,0,0,0,0,0,,,0
196,#CSO_victor3,zs_victor3,0,0,0,0,0,0,0,0,0,0,1,0,0,0,0,0,0,0,g,vic_dawn_,0.000025,125,125,125,0,10,g,,0,3.3,3.3,,0,0,g,vic_dawn_,0.000025,125,125,125,g,0,0,0,0,1,4,6,1,4,,0,,,0,1,0,,,,,0,0,0,6,1,,,,,,,1,0,0,,0,0,0,0,0,0,0,0,0,0,0,0,0,0,0,0,0,0,0,0,,,0
197,#cso_decoy_ModeEvent,zs_decoy,0,0,0,0,0,0,0,0,0,0,1,0,0,0,0,0,0,0,l,,,,,,0,10,l,,0,1,1,,0,0,,,,,,,,0,0,0,0,1,4,6,1,4,,0,,,0,1,0,,,,,0,0,0,2,1,,,,,,,1,0,0,0,0,0,0,0,0,0,0,0,1,0,0,0,0,0,0,0,0,0,0,0,,,0
198,#CSO_lusia1,zs_lusia1,0,0,0,0,0,0,0,0,0,0,1,0,0,0,0,0,0,0,q,de_2storm,,,,,0,10,q,,0,3.3,3.3,,0,0,i,NTDM2_,,,,,i,0,0,0,10103,1,4,6,1,4,,0,,,0,1,0,,,,,0,0,0,6,1,,,,,,,1,0,0,,0,0,0,0,0,0,0,0,0,0,0,0,0,0,0,0,0,0,0,0,,,0
199,#CSO_lusia2,zs_lusia2,0,0,0,0,0,0,0,0,0,0,1,0,0,0,0,0,0,0,f,,,,,,0,10,f,,0,3.3,3.3,,0,0,i,NTDM2_,,,,,i,0,0,0,0,1,4,6,1,4,,0,,,0,1,0,,,,,0,0,0,6,1,,,,,,,1,0,0,,0,0,0,0,0,0,0,0,0,0,0,0,0,0,0,0,0,0,0,0,,,0
200,#CSO_lusia3,zs_lusia3,0,0,0,0,0,0,0,0,0,0,1,0,0,0,0,0,0,0,q,,,,,,0,10,q,,0,3.3,3.3,,0,0,i,NTDM2_,,,,,i,0,0,0,0,1,4,6,1,4,,0,,,0,1,0,,,,,0,0,0,6,1,,,,,,,1,0,0,,0,0,0,0,0,0,0,0,0,0,0,0,0,0,0,0,0,0,0,0,,,0
201,#CSO_paranoia_FrozenEvent,zs_paranoia,0,0,0,0,0,0,0,0,0,0,1,0,0,0,0,0,0,0,i,snowlake_,,,,,0,10,i,,0,3.3,3.3,,0,0,i,snowlake_,,,,,,0,0,0,0,1,4,6,1,4,,0,,,0,1,0,,,,,0,0,0,4,1,,,,,,,1,0,0,0,0,0,0,0,0,0,0,0,1,0,0,0,0,0,0,0,0,0,0,0,,,0
202,#CSO_playroom,fun_playroom,0,0,0,0,0,0,0,0,0,0,1,1,1,1,1,1,1,1,o,san_,,,,,0,32,o,,0,1,1,,1,0,o,,,,,,o,0,0,0,0,0,0,0,,,,0,,,0,,0,,,,,0,0,0,,,,,,,,,,0,24,0,0,0,0,0,1,0,0,0,0,0,1,0,0,0,0,41,0,0,0,0,,,0
203,#CSO_carlito1,zs_carlito1,0,0,0,0,0,0,0,0,0,0,1,0,0,0,0,0,0,0,q,de_2storm,,,,,0,10,q,,0,3.3,3.3,,0,0,i,NTDM2_,,,,,i,0,0,0,10104,1,4,6,1,4,,0,,,0,1,0,,,,,0,0,0,6,1,,,,,,,1,0,0,,0,0,0,0,0,0,0,0,0,0,0,0,0,0,0,0,0,0,0,0,,,0
204,#CSO_carlito2,zs_carlito2,0,0,0,0,0,0,0,0,0,0,1,0,0,0,0,0,0,0,q,de_2storm,,,,,0,10,q,,0,3.3,3.3,,0,0,i,NTDM2_,,,,,i,0,0,0,0,1,4,6,1,4,,0,,,0,1,0,,,,,0,0,0,6,1,,,,,,,1,0,0,,0,0,0,0,0,0,0,0,0,0,0,0,0,0,0,0,0,0,0,0,,,0
205,#CSO_carlito3,zs_carlito3,0,0,0,0,0,0,0,0,0,0,1,0,0,0,0,0,0,0,q,de_2storm,,,,,0,10,q,,0,3.3,3.3,,0,0,i,NTDM2_,,,,,i,0,0,0,0,1,4,6,1,4,,0,,,0,1,0,,,,,0,0,0,6,1,,,,,,,1,0,0,,0,0,0,0,0,0,0,0,0,0,0,0,0,0,0,0,0,0,0,0,,,0
206,#CSO_dust_mini,bzm_dust_mini,0,0,0,0,0,0,0,0,0,0,1,1,1,1,1,1,1,1,k,hk,0.00005,0,0,0,0,20,k,,0,1.19,1.23,,1,k,hk,0.00005,15,12,9,0,k,0,0,0,0,0,0,0,,,,0,,,0,,0,0,,,,0,0,10001,,,,,,,,,,0,0,0,0,0,0,0,1,0,0,0,0,0,0,0,0,0,0,0,0,0,0,0,,,0
207,#CSO_italy_mini,bzm_italy_mini,0,0,0,0,0,0,0,0,0,0,1,1,1,1,1,1,1,1,i,hk,0.00005,15,12,9,0,20,i,,0,1.24,1.28,,1,k,hk,0.00005,15,12,9,9,i,0,0,0,0,0,0,0,,,,0,,,0,,0,0,,,,0,0,10002,,,,,,,,,,0,0,0,0,0,0,0,1,0,0,0,0,0,0,0,0,0,0,0,0,0,0,0,,,0
208,#CSO_skyscraper,de_skyscraper,10007,10007,10007,10007,10007,10007,0,0,10007,0,1,1,1,1,1,1,1,1,,london,,,,,0,32,,"""744 664 -272 568 -1144 -40""",10007,1,1,,1,0,,,,,,,,0,0,10003,0,0,0,0,,,,0,,,0,,0,1,,,,0,10007,0,,,,,,,,,,0,24,0,0,0,0,0,1,0,0,0,0,20003,0,0,0,0,208,0,0,0,0,0,,,208
209,#cso_nightmare5_1,zs_nightmare5_1,0,0,0,0,0,0,0,0,0,0,1,0,0,0,0,0,0,0,i,hs4_,0.0004,80,76,61,0,10,o,,0,3.3,3.3,,0,0,i,hs4_,0.0004,80,76,61,o,0,0,0,0,1,4,6,1,4,,0,,,0,1,0,,,,,0,0,0,5,1,,,,,,,1,0,0,0,0,0,0,0,0,0,0,0,0,0,0,0,0,0,0,0,0,0,0,0,,,0
210,#cso_nightmare5_2,zs_nightmare5_2,0,0,0,0,0,0,0,0,0,0,1,0,0,0,0,0,0,0,i,Moon,,,,,0,10,i,,0,3.3,3.3,,0,0,i,Moon,,,,,i,0,0,0,0,1,4,6,1,4,,0,,,0,1,0,,,,,0,0,0,5,1,,,,,,,1,0,0,,0,0,0,0,0,0,0,0,0,0,0,0,0,0,0,0,0,0,0,0,,,0
211,#cso_nightmare5_3,zs_nightmare5_3,0,0,0,0,0,0,0,0,0,0,1,0,0,0,0,0,0,0,f,de_2storm,,,,,0,10,f,,0,3.3,3.3,,0,0,i,de_2storm,,,,,i,0,0,0,0,1,4,6,1,4,,0,,,0,1,0,,,,,0,0,0,5,1,,,,,,,1,0,0,,0,0,0,0,0,0,0,0,0,0,0,0,0,0,0,0,0,0,0,0,,,0
212,#cso_nightmare5_4,zs_nightmare5_4,0,0,0,0,0,0,0,0,0,0,1,0,0,0,0,0,0,0,q,NTDM2_,0.00001,35,53,83,0,10,q,,0,3.3,3.3,,0,0,i,NTDM2_,,,,,i,0,0,0,0,1,4,6,1,4,,0,,,0,1,0,,,,,0,0,0,5,1,,,,,,,1,0,0,,0,0,0,0,0,0,0,0,0,0,0,0,0,0,0,0,0,0,0,0,,,0
213,#CSO_italy_event3_zombi_3,cs_italy,0,0,0,0,0,0,0,0,0,0,1,1,1,1,1,1,1,1,g,hk,0.00095,15,12,9,0,32,h,,0,1.24,1.28,,1,0,j,hk,0.0007,15,12,9,j,0,0,0,0,0,0,0,,,,0,,,0,,0,3,,,,0,0,0,,,,,,,,,,0,0,0,0,0,0,0,1,0,0,0,1,0,0,0,0,0,0,0,0,0,0,0,,,0
214,#CSO_assault_event3_zombi_3,cs_assault,0,0,0,0,0,0,0,0,0,0,1,1,1,1,1,1,1,1,h,hk,0.001,7,6,9,0,32,i,,0,1.2,1.21,,1,0,j,hk,0.0007,7,6,9,k,0,0,0,0,0,0,0,,,,0,,,0,,0,3,,,,0,0,0,,,,,,,,,,0,0,0,0,0,0,0,1,0,0,0,1,0,0,0,0,0,0,0,0,0,0,0,,,30000
215,#CSO_dust_event3_zombi_3,de_dust,0,0,0,0,0,0,0,0,0,0,1,1,1,1,1,1,1,1,e,hk,0.001,0,0,0,0,32,j,"""1919 651 61 379 -1648 131""",0,1.19,1.23,,1,0,h,hk,0.0007,0,0,0,i,0,0,0,0,0,0,0,,,,0,,,0,,0,1,,,,0,0,0,,,,,,,,,,0,0,0,0,0,0,0,1,0,0,0,1,0,0,0,0,0,0,0,0,0,0,0,,,30000
216,#CSO_origin_event3_zombi_3,zm_origin,0,0,0,0,0,0,0,0,0,0,1,1,1,1,1,1,1,1,k,z3,0,0,0,0,0,32,k,,0,1,1,,0,0,k,z3,0,0,0,0,k,0,0,0,0,0,0,0,,,,0,,,0,,0,,,,,0,0,0,,,,,,,,,,0,0,0,0,0,0,0,1,0,0,0,1,0,0,0,0,0,0,0,0,0,0,0,,,30000
217,#CSO_Abyss2_event3_zombi_3,ZM_abyss2,0,0,0,0,0,0,0,0,0,0,1,1,1,1,1,1,1,1,q,2office,,,,,0,32,q,,0,1,1,,0,0,q,hk,,,,,q,0,0,0,0,0,0,0,,,,0,,,0,,0,,,,,0,0,0,,,,,,,,,,0,0,0,0,0,0,0,1,0,0,0,1,0,0,0,0,0,0,0,0,0,0,0,,,30000
219,#CSO_allout1,zs_allout1,0,0,0,0,0,0,0,0,0,0,1,0,0,0,0,0,0,0,o,camo,,,,,0,10,o,,0,3.3,3.3,,0,0,o,camo,,,,,o,0,0,0,10105,1,4,6,1,4,,0,,,0,1,0,,,,,0,0,0,7,1,,,,,,,1,0,0,,0,0,0,0,0,0,0,0,0,0,0,0,0,0,0,0,0,0,0,0,,,0
220,#CSO_allout2,zs_allout2,0,0,0,0,0,0,0,0,0,0,1,0,0,0,0,0,0,0,g,vic_sunrise_,0.0002,125,120,110,0,10,g,,0,3.3,3.3,,0,0,g,vic_sunrise_,125,120,110,,g,0,0,0,0,1,4,6,1,4,,0,,,0,1,0,,,,,0,0,0,7,1,,,,,,,1,0,0,,0,0,0,0,0,0,0,0,0,0,0,0,0,0,0,0,0,0,0,0,,,0
221,#CSO_allout3,zs_allout3,0,0,0,0,0,0,0,0,0,0,1,0,0,0,0,0,0,0,l,decoy,,,,,0,10,l,,0,3.3,3.3,,0,0,l,decoy,,,,,l,0,0,0,0,1,4,6,1,4,,0,,,0,1,0,,,,,0,0,0,7,1,,,,,,,1,0,0,,0,0,0,0,0,0,0,0,0,0,0,0,0,0,0,0,0,0,0,0,,,0
223,#CSO_assault_dna_test,cs_assault,0,0,0,0,0,0,0,0,0,0,1,1,1,1,1,1,1,1,h,hk,0.001,7,6,9,0,32,i,,0,1.2,1.21,,1,0,j,hk,0.0007,7,6,9,k,0,0,0,0,0,0,0,,,,0,,,0,,0,3,,,,0,0,0,,,,,,,,,,0,0,0,0,0,0,0,1,0,0,0,1,0,0,0,0,0,0,0,0,0,0,0,,,0
225,#CSO_wintershelter_dna_test,de_wintershelter,0,0,0,0,0,0,0,0,0,0,1,1,1,1,1,1,1,1,f,de_2storm,0.0015,63,56,34,0,32,i,"""320 64 -192 1472 -128 -96""",171,1,1,,1,0,h,hk,0.0006,63,56,34,k,0,0,0,0,0,0,0,,,,0,,,0,,0,1,,,,0,171,0,,,,,,,,,,0,0,0,0,0,0,0,1,0,0,0,1,0,0,0,0,0,0,0,0,0,0,0,,,0
226,#CSO_dust_dna_test,de_dust,0,0,0,0,0,0,0,0,0,0,1,1,1,1,1,1,1,1,e,hk,0.001,0,0,0,0,32,j,"""1919 651 61 379 -1648 131""",0,1.19,1.23,,1,0,h,hk,0.0007,0,0,0,i,0,0,0,0,0,0,0,,,,0,,,0,,0,1,,,,0,0,0,,,,,,,,,,0,0,0,0,0,0,0,1,0,0,0,1,0,0,0,0,0,0,0,0,0,0,0,,,0
227,#CSO_Abyss2_dna_test,ZM_abyss2,0,0,0,0,0,0,0,0,0,0,1,1,1,1,1,1,1,1,q,2office,,,,,0,32,q,,0,1,1,,0,0,q,hk,,,,,q,0,0,0,0,0,0,0,,,,0,,,0,,0,,,,,0,0,0,,,,,,,,,,0,0,0,0,0,0,0,1,0,0,0,1,0,0,0,0,0,0,0,0,0,0,0,,,0
228,#CSO_estate_event3_zombi_3,cs_estate,0,0,0,0,0,0,0,0,0,0,1,1,1,1,1,1,1,1,k,hk,0.0015,107,115,133,0,32,k,,0,1.18,1.2,,1,0,o,hk,0.0009,0,10,15,j,0,0,0,0,0,0,0,,,,0,,,0,,0,3,,,,0,0,0,,,,,,,,,,0,0,0,0,0,0,0,1,0,0,0,1,0,0,0,0,0,0,0,0,0,0,0,,,0
229,#CSO_militia_kr_event3_zombi_3,cs_militia,0,0,0,0,0,0,0,0,0,0,1,1,1,1,1,1,1,1,j,hk,0.00095,13,9,4,0,32,h,,0,1.63,1.59,,1,0,k,hk,0.0008,13,9,4,i,0,0,0,0,0,0,0,,,,0,,,0,,0,3,,,,0,0,0,,,,,,,,,,0,0,0,0,0,0,0,1,0,0,0,1,0,0,0,0,0,0,0,0,0,0,0,,,0
230,#CSO_playroom2,fun_playroom2,0,0,0,0,0,0,0,0,0,0,1,1,1,1,1,1,1,1,o,san_,,,,,0,32,o,,0,1,1,,1,0,o,,,,,,o,0,0,0,0,0,0,0,,,,0,,,0,,0,,,,,0,0,0,,,,,,,,,,0,24,0,0,0,0,0,1,0,0,0,0,0,20001,0,0,0,0,48,0,0,0,0,,,0
231,#CSO_desktop,zm_desktop,0,0,0,0,0,0,0,0,0,0,1,1,1,1,1,1,1,1,m,space_,,,,,0,32,m,,0,1.24,1.28,,1,0,m,space_,,,,,m,0,0,0,0,0,0,0,,,,0,,,0,,0,3,,,,0,0,0,,,,,,,,,,0,0,0,0,0,0,0,1,0,0,0,1,0,0,0,0,0,0,0,0,0,0,0,,,0
232,#CSO_cantera,zm_cantera,0,0,0,0,0,0,0,0,0,0,1,1,1,1,1,1,1,1,k,cx,,,,,0,32,k,,0,1.19,1.23,,1,0,k,cx,,,,,k,0,0,0,0,0,0,0,,,,0,,,0,,0,1,,,,0,0,0,,,,,,,,,,0,0,0,0,0,0,0,1,0,0,0,1,0,0,0,0,0,0,0,0,0,0,0,,,0
233,#CSO_lastshelter,ztd_lastshelter,0,0,0,0,0,0,0,0,0,0,1,1,1,1,1,1,1,1,e,Z4line_,,,,,0,32,j,"""1919 651 61 379 -1648 131""",0,1.19,1.23,,1,0,h,Z4line_,,,,,i,0,0,0,0,0,0,0,,,,0,,,0,,0,1,,,,0,0,0,,,,,,,,,,0,0,0,0,0,0,0,1,0,0,0,0,0,0,0,0,0,0,0,19999,233,0,0,,,0
234,#CSO_checkmate,ztd_checkmate,0,0,0,0,0,0,0,0,0,0,1,1,1,1,1,1,1,1,k,cx,,,,,0,32,k,"""1919 651 61 379 -1648 131""",0,1.19,1.23,,1,0,k,cx,,,,,k,0,0,0,0,0,0,0,,,,0,,,0,,0,1,,,,0,0,0,,,,,,,,,,0,0,0,0,0,0,0,1,0,0,0,0,0,0,0,0,0,0,0,19998,234,0,0,,,0
235,#CSO_rendezvous1,zs_rendezvous1,0,0,0,0,0,0,0,0,0,0,1,0,0,0,0,0,0,0,o,sky03_,0.0002,150,175,200,0,10,o,,0,3.3,3.3,,0,0,o,sky03_,150,175,200,,o,0,0,0,20256,1,4,6,1,4,,0,,,0,1,0,,,,,0,0,0,7,1,,,,,,,1,0,0,,0,0,0,0,0,0,0,0,0,0,0,0,0,0,0,0,0,0,0,0,,,0
236,#CSO_rendezvous2,zs_rendezvous2,0,0,0,0,0,0,0,0,0,0,1,0,0,0,0,0,0,0,g,rdv,0.0002,225,200,175,0,10,g,,0,3.3,3.3,,0,0,g,rdv,225,200,175,,g,0,0,0,0,1,4,6,1,4,,0,,,0,1,0,,,,,0,0,0,7,1,,,,,,,1,0,0,,0,0,0,0,0,0,0,0,0,0,0,0,0,0,0,0,0,0,0,0,,,0
237,#CSO_rendezvous3,zs_rendezvous3,0,0,0,0,0,0,0,0,0,0,1,0,0,0,0,0,0,0,l,vostok,0.0006,125,120,115,0,10,l,,0,3.3,3.3,,0,0,l,vostok,125,120,115,,l,0,0,0,0,1,4,6,1,4,,0,,,0,1,0,,,,,0,0,0,7,1,,,,,,,1,0,0,,0,0,0,0,0,0,0,0,0,0,0,0,0,0,0,0,0,0,0,0,,,0
238,#CSO_assault_mini,bzm_assault_mini,0,0,0,0,0,0,0,0,0,0,1,1,1,1,1,1,1,1,o,har_,,,,,0,20,o,,0,1.24,1.28,,1,0,o,har_,,,,,o,0,0,0,0,0,0,0,,,,0,,,0,,0,0,,,,0,0,20003,,,,,,,,,,0,0,0,0,0,0,0,1,0,0,0,0,0,0,0,0,0,0,0,0,0,0,0,,,0
239,#CSO_chapel,dm_chapel,0,10239,10239,0,10239,10239,0,0,10239,0,1,1,1,1,1,1,1,1,,,,,,,0,32,,,20239,1,1,,1,0,,,,,,,,0,0,10236,0,0,0,0,,,,0,,,0,,0,,,,,20239,0,0,,,,,,,,,,0,0,0,0,0,0,0,1,0,0,0,0,20239,0,0,0,0,10239,0,0,0,0,0,,,0
240,#CSO_italy_event_randomrule,cs_italy,0,0,0,0,0,0,0,0,0,0,1,1,1,1,1,1,1,1,g,hk,0.00095,15,12,9,0,32,h,,0,1.24,1.28,,1,0,j,hk,0.0007,15,12,9,j,0,0,0,0,0,0,0,,,,0,,,0,,0,3,,,,0,0,0,,,,,,,,,,0,0,0,0,0,0,0,1,0,0,0,1,0,0,0,0,0,0,0,0,0,0,0,,,0
241,#CSO_storage,dm_storage,0,10240,10240,0,10240,10240,0,0,0,0,1,1,1,1,1,1,1,1,,,,,,,0,32,,,0,1,1,,1,0,,,,,,,,0,0,0,0,0,0,0,,,,0,,,0,,0,,,,,20240,0,0,,,,,,,,,,0,0,0,0,0,0,0,1,0,0,0,0,20240,0,0,0,0,0,0,0,0,0,0,,,0
242,#CSO_assault_event_randomrule,cs_assault,0,0,0,0,0,0,0,0,0,0,1,1,1,1,1,1,1,1,h,hk,0.001,7,6,9,0,32,i,,0,1.2,1.21,,1,0,j,hk,0.0007,7,6,9,k,0,0,0,0,0,0,0,,,,0,,,0,,0,3,,,,0,0,0,,,,,,,,,,0,0,0,0,0,0,0,1,0,0,0,1,0,0,0,0,0,0,0,0,0,0,0,,,0
243,#cso_lakepark,zm_lakepark,0,0,0,0,0,0,0,0,10243,0,1,1,1,1,1,1,1,1,h,decoy,0.0004,42,53,62,0,32,h,,20243,1,1,,0,0,h,decoy,0.0004,42,53,62,h,0,0,10238,0,0,0,0,,,,0,,,0,,0,,,,,0,0,0,,,,,,,,,,0,0,0,0,0,0,0,1,0,0,0,0,0,0,0,0,0,10243,0,0,0,0,0,,,243
244,#CSO_alcatraz,de_alcatraz,10244,10244,10244,10244,10244,10244,0,0,10244,0,1,1,1,1,1,1,1,1,o,vostok,0.0003,150,150,150,0,32,o,"""-1024 -960 68 1416 -136 256""",244,1,1,,1,0,o,vostok,0.0003,150,150,150,,0,0,10237,0,0,0,0,,,,0,,,0,,0,1,,,,0,20244,0,,,,,,,,,,0,24,0,0,0,0,0,1,0,0,0,0,20244,0,0,0,0,10244,0,0,0,0,0,,,0
245,#CSO_estate_event_randomrule,cs_estate,0,0,0,0,0,0,0,0,0,0,1,1,1,1,1,1,1,1,k,hk,0.0015,107,115,133,0,32,k,,0,1.18,1.2,,1,0,o,hk,0.0009,0,10,15,j,0,0,0,0,0,0,0,,,,0,,,0,,0,3,,,,0,0,0,,,,,,,,,,0,0,0,0,0,0,0,1,0,0,0,1,0,0,0,0,0,0,0,0,0,0,0,,,0
246,#CSO_militia_kr_event_randomrule,cs_militia,0,0,0,0,0,0,0,0,0,0,1,1,1,1,1,1,1,1,j,hk,0.00095,13,9,4,0,32,h,,0,1.63,1.59,,1,0,k,hk,0.0008,13,9,4,i,0,0,0,0,0,0,0,,,,0,,,0,,0,3,,,,0,0,0,,,,,,,,,,0,0,0,0,0,0,0,1,0,0,0,1,0,0,0,0,0,0,0,0,0,0,0,,,0
247,#cso_lakepark_event_randomrule,zm_lakepark,0,0,0,0,0,0,0,0,0,0,1,1,1,1,1,1,1,1,h,decoy,0.0004,42,53,62,0,32,h,,0,1,1,,0,0,h,decoy,0.0004,42,53,62,h,0,0,0,0,0,0,0,,,,0,,,0,,0,,,,,0,0,0,,,,,,,,,,0,0,0,0,0,0,0,1,0,0,0,1,0,0,0,0,0,0,0,0,0,0,0,,,0
248,#CSO_Abyss2_kr_event_randomrule,ZM_abyss2,0,0,0,0,0,0,0,0,0,0,1,1,1,1,1,1,1,1,q,2office,,,,,0,32,q,,0,1,1,,0,0,q,hk,,,,,q,0,0,0,0,0,0,0,,,,0,,,0,,0,,,,,0,0,0,,,,,,,,,,0,0,0,0,0,0,0,1,0,0,0,1,0,0,0,0,0,0,0,0,0,0,0,,,0
249,#CSO_dust_kr_event_randomrule,de_dust,0,0,0,0,0,0,0,0,0,0,1,1,1,1,1,1,1,1,q,2office,,,,,0,32,q,,0,1,1,,0,0,q,hk,,,,,q,0,0,0,0,0,0,0,,,,0,,,0,,0,,,,,0,0,0,,,,,,,,,,0,0,0,0,0,0,0,1,0,0,0,1,0,0,0,0,0,0,0,0,0,0,0,,,0
250,#CSO_dust2_kr_event_randomrule,de_dust2,0,0,0,0,0,0,0,0,0,0,1,1,1,1,1,1,1,1,q,2office,,,,,0,32,q,,0,1,1,,0,0,q,hk,,,,,q,0,0,0,0,0,0,0,,,,0,,,0,,0,,,,,0,0,0,,,,,,,,,,0,0,0,0,0,0,0,1,0,0,0,1,0,0,0,0,0,0,0,0,0,0,0,,,0
251,#CSO_vertigo_kr_event_randomrule,de_vertigo,0,0,0,0,0,0,0,0,0,0,1,1,1,1,1,1,1,1,f,backalley,0.0013,7,6,9,0,32,i,,18,1.21,1.27,,1,0,f,backalley,0.0013,7,6,9,f,0,0,0,0,0,0,0,,,,0,,,0,,0,,,,,0,0,0,,,,,,,,,,0,0,0,0,0,0,0,1,0,0,0,1,0,0,0,0,0,0,0,0,0,0,0,,,0
252,#CSO_cantera_kr_event_randomrule,zm_cantera,0,0,0,0,0,0,0,0,0,0,1,1,1,1,1,1,1,1,k,cx,,,,,0,32,h,,0,1.19,1.23,,0,0,k,cx,,,,,h,0,0,0,0,0,0,0,,,,0,,,0,,0,,,,,0,0,0,,,,,,,,,,0,0,0,0,0,0,0,1,0,0,0,1,0,0,0,0,0,0,0,0,0,0,0,,,0
253,#CSO_ptn_villa,ptn_villa,0,0,0,0,0,0,0,0,0,0,1,1,1,1,1,1,1,1,,,,,,,0,16,,,0,1,1,,1,0,,,,,,,,0,0,0,0,0,0,0,,,,0,,,0,,0,1,,,19,0,0,0,,,,,,,,,,0,0,0,0,0,0,0,1,0,0,0,0,0,0,0,0,0,0,0,0,0,0,20253,,,0
254,#CSO_sandbox,vxl_empty,1,0,1,0,0,1,0,0,0,0,1,1,1,1,1,1,1,1,,,,,,,0,24,,,0,1,1,,1,0,,,,,,,,0,0,1,0,0,0,0,,,,1,,,0,,0,1,,,,1,1,1,,,,,1,,,,,0,0,0,0,0,0,0,1,0,0,0,0,1,0,0,0,0,1,0,0,0,1,0,0,1,256
256,#CSO_alcatraz_z,zm_alcatraz,0,0,0,0,0,0,0,0,20245,0,1,1,1,1,1,1,1,1,o,rdv,0.0003,150,150,150,0,32,o,,20245,1,1,,1,0,o,rdv,0.0003,150,150,150,o,0,0,20256,0,0,0,0,,,,0,,,0,,0,,,,,0,0,0,,,,,,,,,,0,0,0,0,0,0,0,1,0,0,0,0,0,0,0,0,0,20000,0,0,0,0,0,,,258
257,#CSO_heorgen,zhe_heorgen,0,0,0,0,0,0,0,0,0,0,1,0,0,0,0,0,0,0,k,ze,0.00185,20,40,50,0,5,k,,0,1,1,,0,0,k,ze,0.00185,20,40,50,k,0,0,0,0,0,0,0,,,,0,,,0,,0,,,,,0,0,0,,,,,,,,,,0,0,0,0,0,0,0,0,0,0,0,0,0,0,0,0,0,0,0,0,0,0,0,19999,0,0
258,#CSO_chosun_kingdom,zm_chosun,0,20301,20301,0,20301,20301,0,0,20302,0,1,1,1,1,1,1,1,1,g,NTDM2_,,0,0,0,0,32,,,20302,1,1,,1,0,,NTDM2_,,,,,,0,0,20312,0,0,0,0,,,,0,,,0,,0,,,,,0,0,0,,,,,,,,,,0,0,0,0,0,0,0,1,0,0,0,0,0,0,0,0,0,20200,0,0,0,0,0,0,0,259
259,#CSO_italy_kingdom,zm_italy,0,20301,20301,0,20301,20301,0,0,20302,0,1,1,1,1,1,1,1,1,g,NTDM2_,,0,0,0,0,32,,,20303,1,1,,1,0,,NTDM2_,,,,,,0,0,20321,0,0,0,0,,,,0,,,0,,0,,,,,0,0,0,,,,,,,,,,0,0,0,0,0,0,0,1,0,0,0,0,0,0,0,0,0,20200,0,0,0,0,0,0,0,0
260,#CSO_csoland,de_csoland,0,0,0,0,0,0,0,0,0,0,1,1,1,1,1,1,1,1,q,san_,,,,,0,32,,"""1919 651 61 379 -1648 131""",0,1,1,,1,0,,san_,,,,,,0,0,0,0,0,0,0,,,,0,,,0,,0,1,,,,0,0,0,,,,,,,,,,0,0,0,0,0,0,0,1,0,0,0,0,0,0,0,0,0,0,0,0,0,0,0,0,0,0
261,#CSO_csoland_event3_zombi_3,de_csoland,0,0,0,0,0,0,0,0,0,0,1,1,1,1,1,1,1,1,q,san_,,,,,0,32,,,0,1,1,,0,0,,san_,,,,,,0,0,0,0,0,0,0,,,,0,,,0,,0,,,,,0,0,0,,,,,,,,,,0,0,0,0,0,0,0,1,0,0,0,1,0,0,0,0,0,0,0,0,0,0,0,0,0,0
262,#CSO_junkhouse,zm_junkhouse,0,0,0,0,0,0,0,0,0,0,1,1,1,1,1,1,1,1,o,rdv,,150,150,150,0,32,,,0,1,1,,1,0,,rdv,,,,,,0,0,0,0,0,0,0,,,,0,,,0,,0,,,,,0,0,0,,,,,,,,,,0,0,0,0,0,0,0,1,0,0,0,0,0,0,0,0,0,0,0,0,0,0,0,0,0,30000
263,#CSO_italy_kingdom_event3,zm_italy,0,0,0,0,0,0,0,0,0,0,1,1,1,1,1,1,1,1,g,NTDM2_,,0,0,0,0,32,,,0,1,1,,1,0,,NTDM2_,,,,,,0,0,0,0,0,0,0,,,,0,,,0,,0,,,,,0,0,0,,,,,,,,,,0,0,0,0,0,0,0,1,0,0,0,1,0,0,0,0,0,0,0,0,0,0,0,0,0,29999
264,#CSO_junkhouse_event3,zm_junkhouse,0,0,0,0,0,0,0,0,0,0,1,1,1,1,1,1,1,1,o,rdv,,75,100,125,0,32,,,0,1,1,,1,0,,rdv,,,,,,0,0,0,0,0,0,0,,,,0,,,0,,0,,,,,0,0,0,,,,,,,,,,0,0,0,0,0,0,0,1,0,0,0,1,0,0,0,0,0,0,0,0,0,0,0,0,0,30000
