relation_product_id,"reference item id
상품 정보를 참조할 아이템 아이디.","team
",inven_sortingindex,name,level,sortorder,"ad type
1=new
2=hot
3=new+hot
4=event
5=event+new
6=event+hot
7=event+hot+new",ImageName,"main product(가격순서)
0=첫번째
1
2
3","BuyerType
0=개인
1=클랜
공백=값을 사용 안함 (값이 있을경우 최우선적용,item.csv에 없는 아이템일경우  값기입필수)",EnhancedLv,FabExtraItemID(제조비법있는 상품일경우),shop type
40005,588,,,,,,,,0,0,,,
40004,,0,,ZombieEnoWeapon,0,,,,0,0,,,
40003,160,,,,,,,,0,0,,,
40002,,0,,DefeatInvalidation140000,0,,,,0,0,,,
40001,,0,,DefeatInvalidation40000,0,,,,0,0,,,
40000,,0,,DefeatInvalidation14000,0,,,,0,0,,,
30177,893,,,,,2005,3,,0,,,,
30176,849,,,,,2004,3,,0,,,,
30175,792,,,,,2003,3,,0,,,,
30174,776,,,,,,3,,0,,,,
30173,8109,,,,,2001,3,,,,,,
30172,8103,,,,,1013,3,,,,,,
30171,8100,,,,,1003,3,,,,,,
30170,8007,,,,,1016,3,,,,,,
30169,8091,,,,,,,,0,0,,,
30168,8086,,,,,,3,,0,0,,,
30167,8076,,,,,1015,3,,,,,,
30166,8077,,,,,1007,3,,,,,,
30165,8008,,,,,1014,3,,,,,,
30164,8045,,,,,1006,3,,,,,,
30163,8041,,,,,1004,3,,0,0,,,
30162,971,,,,,1010,3,,0,0,,,
30161,970,,,,,1011,3,,0,0,,,
30160,981,,,,,1005,3,,0,0,,,
30159,969,,,,,,3,,0,0,,,
30158,962,,,,,,,,0,0,,,
30157,918,,,,,1002,3,,0,0,,,
30156,895,,,,,,,,0,0,,,
30155,842,,,,,,,,0,0,,,
30154,848,,,,,,,,0,0,,,
30153,923,,,,,,,,0,0,,,
30151,833,,,,,,,,0,0,,,
30150,816,,,,,,3,,0,0,,,
30149,787,,,,,,,,0,0,,,
30148,804,,,,,,,,0,0,,,
30147,867,,,,,,,,0,0,,,
30146,858,,,,,,,,0,0,,,
30145,683,,,,,,,,0,0,,,
30144,726,,,,,,,,0,0,,,
30143,682,,,,,,,,0,0,,,
30142,697,,,,,,,,0,0,,,
30141,725,,,,,,,,0,0,,,
30140,698,,,,,,,,0,0,,,
30139,768,,,,,,,,0,0,,,
30138,934,,,,,,,,0,0,,,
30137,840,0,,,,,,,0,0,,,
30136,800,1,,,,,3,,0,0,,,
30135,799,2,,,,,3,,0,0,,,
30134,792,0,,,,,3,,0,0,,,
30133,778,1,,,,,,,0,0,,,
30132,563,,,,,,,,0,0,,,
30131,760,,,,,,,,0,0,,,
30130,759,,,,,,,,0,0,,,
30129,751,,,,,,,,0,0,,,
30128,743,,,,,,,,0,0,,,
30127,742,,,,,,,,0,0,,,
30126,741,,,,,,,,0,0,,,
30125,733,,,,,,,,0,0,,,
30124,724,,,,,,,,0,0,,,
30123,723,,,,,,,,0,0,,,
30122,722,,,,,,,,0,0,,,
30121,721,,,,,,,,0,0,,,
30120,719,,,,,,,,0,0,,,
30119,718,,,,,,3,,0,0,,,
30118,717,,,,,,3,,0,0,,,
30117,716,,,,,,,,0,0,,,
30116,715,,,,,,,,0,0,,,
30115,714,,,,,,,,0,0,,,
30114,713,,,,,,,,0,0,,,
30113,711,,,,,,,,0,0,,,
30112,710,,,,,,,,0,0,,,
30111,709,,,,,,,,0,0,,,
30110,706,,,,,,,,0,0,,,
30109,684,,,,,,,,0,0,,,
30108,681,,,,,,,,0,0,,,
30107,680,,,,,,,,0,0,,,
30106,679,,,,,,,,0,0,,,
30105,673,,,,,,,,0,0,,,
30104,669,,,,,,,,0,0,,,
30103,668,,,,,,,,0,0,,,
30102,538,0,,skull4point,,,,skull4,0,0,,,
30101,608,,,,,,,,0,0,,,
30100,591,,,,0,,,,0,0,,,
30099,598,,,janus1point,,,,janus1,0,0,,,
30098,595,,,,,,,,0,0,,,
30097,593,,,,,,,,0,0,,,
30096,592,,,,,,,,0,0,,,
30095,587,,,,,,3,,0,0,,,
30094,585,,,,,,,,0,0,,,
30093,579,,,,,,,,0,0,,,
30092,577,,,,,,,,0,0,,,
30091,517,,,balrog1point,,,,balrog1,0,0,,,
30090,504,,,balrog9point,,,,balrog9,0,0,,,
30089,575,,,,,,,,0,0,,,
30088,556,,,,,,,,0,0,,,
30087,562,,,skull8point,,,,skull8,0,0,,,
30086,561,,,,,,,,0,0,,,
30085,558,,,,,,,,0,0,,,
30084,554,,,,,,,,0,0,,,
30083,542,,,,,,,,0,0,,,
30082,538,,,,,,,,0,0,,,
30081,524,,,,,,,,0,0,,,
30080,532,,,balrog3point,,,,balrog3,0,0,,,
30079,527,,,,,,,,0,0,,,
30078,517,,,,,,,,0,0,,,
30077,510,,,,,,,,0,0,,,
30076,509,,,,,,,,0,0,,,
30075,466,,,balrog7point,,,,balrog7,0,0,,,
30074,482,,,balrog5point,,,,balrog5,0,0,,,
30073,503,,,,,,,,0,0,,,
30072,504,,,,,,,,0,0,,,
30071,493,,,,,,,,0,0,,,
30070,414,,,,,,,,0,0,,,
30069,482,,,,,,,,0,0,,,
30068,472,,,,,,,,0,0,,,
30067,469,,,,,,,,0,0,,,
30066,468,,,,,,,,0,0,,,
30065,467,,,,,,,,0,0,,,
30064,466,,,,,,,,0,0,,,
30063,463,,,,,,,,0,0,,,
30062,442,,,,,,,,0,0,,,
30061,312,,,,,,,,0,0,,,
30060,311,,,,,,,,0,0,,,
30059,237,,,,,,,,0,0,,,
30058,437,,,,,,,,0,0,,,
30057,436,,,,,,,,0,0,,,
30056,433,,,,,,,,0,0,,,
30055,432,,,,,,,,0,0,,,
30054,431,,,,,,,,0,0,,,
30053,426,,,,,,,,0,0,,,
30052,425,,,,,,,,0,0,,,
30051,427,,,,,,,,0,0,,,
30050,407,0,,Skull1Point,,,,Skull1,0,0,,,
30049,367,0,,Skull5Point,,,,Skull5,0,0,,,
30048,327,0,,Skull7Point,,,,M249EX,0,0,,,
30047,363,0,,Skull9Point,,,,SkullAxe,0,0,,,
30046,424,0,,,,,,,0,0,,,
30045,422,,,,,,,,0,0,,,
30044,417,0,,,,,,,0,0,,,
30043,407,0,,,,,,Skull1Sale,0,0,,,
30042,400,,,,,,,,0,0,,,
30041,389,,,,,,,,0,0,,,
30040,385,,,,,,,,0,0,,,
30039,382,,,,,,,,0,0,,,
30038,384,,,,,,,,0,0,,,
30037,377,,,,,,,,0,0,,,
30036,376,,,,,,,,0,0,,,
30035,370,,,,,,,,0,0,,,
30034,372,,,,,,,,0,0,,,
30033,367,0,,,,,,,0,0,,,
30032,363,0,,,,,,,0,0,,,
30031,355,,,,,,,,0,0,,,
30030,322,,,,,,,,0,0,,,
30029,345,,,,,,,,0,0,,,
30028,344,,,,,,,,0,0,,,
30027,337,,,,,,,,0,0,,,
30026,329,0,,JPNGirl01PlusSpray,0,,,JPNGirl01,0,0,,,
30025,328,0,,CHNGirl01PlusSpray,0,,,CHNGirl01,0,0,,,
30024,327,0,,,,,,m249exOFF,0,0,,,
30023,307,,,,,,,,0,0,,,
30022,304,,,,,,,,0,0,,,
30021,271,,,,,,,,0,0,,,
30020,261,,,,,,,,0,0,,,
30019,248,,,,,,,,0,0,,,
30018,242,0,,InfinityPoint,0,,,Infinity,0,0,,,
30017,213,0,,M134Point,0,,,M134Point,0,0,,,
30016,197,0,,M1887Point,0,,,M1887,0,0,,,
30015,187,0,,SL8Point,0,,,SL8,0,0,,,
30014,153,,,,,,,,0,0,,,
30013,151,,,,,,,,0,0,,,
30012,154,1,,SpeedZombieRitsuka,0,,,Ritsuka,0,0,,,
30011,152,2,,SpeedZombieChoiJiYoon,0,,,ChoiJiYoon,0,0,,,
30010,148,,,,,,,,0,0,,,
30009,148,,,,,,,,0,0,,,
30007,148,0,,MG3Point,0,,,MG3,0,0,,,
30006,57,2,,sdefence,0,,,,1,0,,,
30005,56,2,,magui,0,,,,1,0,,,
30004,55,2,,sozo,0,,,,1,0,,,
30003,48,1,,JRA,0,,,,1,0,,,
30002,47,1,,ETA,0,,,,1,0,,,
30001,46,1,,IRA,0,,,,1,0,,,
30000,,0,,ResetPcbangEvent,0,,,ResetPcbang,0,0,,,
20229,,,,g5decoder5classdecoder3couponset,,,,weaponticket,,,,,
20228,,,,g5decoder5classdecoder5couponset,,,,weaponticket,,,,,
20227,,,,cdecoder3sgmexskullt9d15couponset,,,,weaponticket,,,,,
20226,,,,seasonpass1g5decoder5set,,,,weaponticket,,,,,
20225,,,,g4decoder3epicpiece10set,,,,weaponticket,,,,,
20224,,0,3301,vxlweaponset02,,1012,3,vxlweaponset02,,,,,
20223,8336,,,y20s1yeongsinsprayb_50sale,,,,y20s1yeongsinsprayb_50sale,0,0,,,
20222,8335,,,y20s1leechangspraya_50sale,,,,y20s1leechangspraya_50sale,0,0,,,
20221,2215,0,,luckybox6_100p,,,3,luckybox6_100p,,,,,
20220,919,,,enhrunebladeset,,,,enhrunebladeset,,,,,
20219,,0,,monkeywpnset,,,,monkeywpnset,0,0,,,
20218,2179,,,,,,,bingoticket,,,,,1
20217,2179,,,,,,,bingoticket,,,,,1
20216,,,,seasonpass15grade,,,,seasonpass15grade,,,,,
20215,5302,,,MileageGift10P,,1017,3,MileageGift10P,,,,,
20214,2189,,,transboxset100P,,,3,transboxset100P,,,,,
20213,2189,,,transboxset50P,,,3,transboxset50P,,,,,
20212,2189,,,transboxset10P,,,3,transboxset10P,,,,,
20211,20211,0,,luckybox2_50sale,,,3,luckybox2_50sale,,,,,
20210,,0,2201,vxlcheerupset02,,1001,3,,,,,,
20209,,0,2201,vxlcheerupset01,,1000,3,,,,,,
20208,,0,3301,vxlweaponset01,,1012,3,,,,,,
20207,,0,,sfpistolPaintset,,,,,,,,,
20206,,0,,petrolboomerPaintset,,,,,,,,,
20205,,0,,chainsawmPaintset,,,,,,,,,
20204,,0,,airbursterPaintset,,,,,,,,,
20203,,0,,destroyerpaintset,,,,,,,,,
20202,,0,,laserminigunpaintset,,,,,,,,,
20201,,0,,m950sepaintset,,,,,,,,,
20200,923,0,,FabExtracrow3set,,,,,,,,7106,
20199,918,0,,FabExtracrow11set,,,,,,,,7105,
20198,673,0,,fabextrajanus9set,,,,,,,,7030,
20197,587,0,,FabExtraJanus5set,,,,,,,,7054,
20196,598,0,,FabExtrajanus1set,,,,,,,,7072,
20195,,0,,infinityex2paintset,,,,,,,,,
20194,,0,,bowpaintset,,,,,,,,,
20193,895,0,,FabExtracrow9set,,,,,,,,7104,
20192,,0,,spriflepaintset,,,,,,,,,
20191,,0,,sfsniperpaintset,,,,,,,,,
20190,,0,,plasmagunpaintset,,,,,,,,,
20189,,0,,FabExtrabalrog9setWeaponPaintPoison,,,,,,,,,
20188,,0,,FabExtrabalrog7setWeaponPaintPoison,,,,,,,,,
20187,,0,,FabExtrabalrog5setWeaponPaintPoison,,,,,,,,,
20186,,0,,FabExtrabalrog1setWeaponPaintPoison,,,,,,,,,
20185,504,0,,FabExtrabalrog9set,,,,,,,,7053,
20184,466,0,,FabExtrabalrog7set,,,,,,,,7070,
20183,482,0,,FabExtrabalrog5set,,,,,,,,7103,
20182,517,0,,FabExtrabalrog1set,,,,,,,,7071,
20181,867,0,,FabExtravulcanus3set,,,,,0,0,,7102,
20180,,0,,FabExtraskull11setWeaponPaintBlood,,,,,0,0,,7045,
20179,437,0,,FabExtraskull11set,,,,,0,0,,7045,
20178,,0,,FabExtraSkull9setWeaponPaintBlood,,,,,0,0,,7027,
20177,363,0,,FabExtraSkull9set,,,,,0,0,,7027,
20176,,0,,FabExtrabalrog11setWeaponPaiontPoison,,,,,0,0,,7044,
20175,,0,,FabExtrabalrog3setWeaponPaiontPoison,,,,,0,0,,7100,
20174,554,0,,FabExtrabalrog11set,,,,,0,0,,7044,
20173,532,0,,FabExtrabalrog3set,,,,,0,0,,7100,
20172,561,0,,FabExtrazgunset,,,,,0,0,,7085,
20171,681,0,,FabExtramonkeywpnset3set,,,,,0,0,,7058,
20170,680,0,,FabExtramonkeywpnset2set,,,,,0,0,,7057,
20169,679,0,,FabExtramonkeywpnset1set,,,,,0,0,,7056,
20168,726,0,,FabExtracrowbarcraftset,,,,,0,0,,7097,
20167,706,0,,FabExtrapetrolboomerset,,,,,0,0,,7062,
20166,682,0,,FabExtraM60Craftset,,,,,0,0,,7021,
20165,579,0,,FabExtraTknifeset,,,,,0,0,,7051,
20164,717,0,,FabExtracannonmset,,,,,0,0,,7025,
20163,858,0,,FabExtravulcanus1set,,,,,0,0,,7098,
20162,,0,,FabExtraskull7setWeaponPaintBlood,,,,,0,0,,7078,
20161,327,0,,FabExtraskull7set,,,,,0,0,,7078,
20160,,0,,FabExtraskull5setWeaponPaintBlood,,,,,0,0,,7086,
20159,367,0,,FabExtraskull5set,,,,,0,0,,7086,
20158,,0,,FabExtraskull3setWeaponPaintBlood,,,,,0,0,,7099,
20157,427,0,,FabExtraskull3set,,,,,0,0,,7099,
20156,,0,,FabExtraskull1setWeaponPaintBlood,,,,,0,0,,7069,
20155,407,0,,FabExtraskull1set,,,,,0,0,,7069,
20154,,0,,FabExtracrow5mdecoderset,,,,,0,0,,7095,
20153,848,0,,FabExtracrow5set,,,,,0,0,,7095,
20152,,0,,FabExtrabalrog11mdecoderset,,,,,0,0,,7044,
20151,,0,,FabExtrathanatos9mdecoderset,,,,,0,0,,7050,
20150,846,0,,FabExtrahk121set,,,,,0,0,,7091,
20149,842,0,,FabExtracrow7set,,,,,0,0,,7089,
20148,307,0,,FabExtradbarrelset,,,3,,0,0,,7046,
20147,833,0,,FabExtravulcanus11set,,,3,,0,0,,7087,
20146,834,0,,FabExtrathanatos3set,,,,,0,0,,7088,
20145,816,0,,FabExtravulcanus9set,,,3,,0,0,,7084,
20144,812,0,,FabExtrathanatos1set,,,,,0,0,,7079,
20143,422,0,,FabExtraspas12set,,,3,,0,0,,7063,
20142,344,0,,FabExtram95set,,,3,,0,0,,7014,
20141,493,0,,FabExtrauts15set,,,,,0,0,,7068,
20140,804,0,,FabExtravulcanus5set,,,3,,0,0,,7076,
20139,,0,,jinset,,,3,,0,0,,,
20138,787,0,,FabExtravulcanus7set,,,3,,0,0,,7067,
20137,469,0,,FabExtrakingcobraset,,,3,,0,0,,7060,
20136,608,0,,FabExtram2set,,,3,,0,0,,7016,
20135,197,0,,FabExtram1887set,,,,,0,0,,7059,
20134,585,0,,FabExtraarx160set,,,3,,0,0,,7019,
20133,304,0,,FabExtram14ebrset,,,,,0,0,,7032,
20132,784,0,,FabExtrathanatos5set,,,,,0,0,,7055,
20131,777,2,,vngirlset,,,,,0,0,,,
20130,,0,,vnset,,,3,,0,0,,,
20129,776,0,,FabExtrathanatos9set,,,,,0,0,,7050,
20128,213,0,,FabExtraM134set,,,3,,0,0,,7047,
20127,768,0,,FabExtram950set,,,,,0,0,,7040,
20126,,0,,FabExtrasfsnipermgatlingmset,,,3,,0,0,,,
20125,767,0,,FabExtragatlingmset,,,3,,0,0,,7029,
20124,766,0,,FabExtrasfsnipermset,,,3,,0,0,,7028,
20123,,0,,fabextrathanatos11setcodebbox50p,,,3,,0,0,,,
20122,,0,,fabextrathanatos11setcodeabox50p,,,3,,0,0,,,
20121,,0,,fabextrathanatos11setdecoderbox50p,,,3,,0,0,,,
20120,,0,,fabextrathanatos11setcodebbox30p,,,3,,0,0,,,
20119,,0,,fabextrathanatos11setcodeabox30p,,,3,,0,0,,,
20118,,0,,fabextrathanatos11setdecoderbox30p,,,3,,0,0,,,
20117,764,0,,fabextrathanatos11set,,,,,0,0,,7024,
20116,,0,,soizimset,,,,,0,0,,,
20115,753,0,,fabextrarpg7set,,,,,0,0,,7010,
20114,,0,,fabandmax6,,,,,0,0,,,
20113,,0,,fabandmax5,,,,,0,0,,,
20112,,0,,fabandmax4,,,,,0,0,,,
20111,,0,,fabandmax3,,,,,0,0,,,
20110,,0,,fabandmax2,,,,,0,0,,,
20109,,0,,fabandmax1,,,,,0,0,,,
20108,345,0,,fabextrakatanaset,,,,,0,0,,7005,
20107,242,0,,fabextrainfinityset,,,,,0,0,,7004,
20106,148,0,,fabextramg3set,,,,,0,0,,7003,
20105,385,0,,fabextraas50set,,,,,0,0,,7002,
20104,752,0,,fabextrathanatos7set,,,,,0,0,,7001,
20103,,0,,fabandmax6,,,,,0,0,,,
20102,,0,,fabandmax5,,,,,0,0,,,
20101,,0,,fabandmax4,,,,,0,0,,,
20100,,0,,fabandmax3,,,,,0,0,,,
20099,,0,,fabandmax2,,,,,0,0,,,
20098,,0,,fabandmax1,,,,,0,0,,,
20097,,0,,ozwpnset,,,,ozwpnset,0,0,,,
20096,,0,,war2setb,,,,,0,0,,,
20095,,0,,minorcodeb30p,,,3,,0,0,,,
20094,,0,,minorcodea30p,,,3,,0,0,,,
20093,,0,,minordecoder30p,,,3,,0,0,,,
20092,,0,,minorset,,,3,,0,0,,,
20091,,0,,janus7codebset30p,,,3,,0,0,,,
20090,,0,,janus7codeaset30p,,,3,,0,0,,,
20089,,0,,janus7decoderset30p,,,3,,0,0,,,
20088,,0,,war2seta,,,,,0,0,,,
20087,,0,,meisterset,,,,,0,0,,,
20086,,0,,fabplancsfabendumaxper,,,,,0,0,,,
20085,,0,,monkeywpnset,,,,,0,0,,,
20084,,0,,z4seta,,,,,0,0,,,
20083,,0,,zshpackage,,,,,0,0,,,
20082,,,,choipirate2,,,,,0,0,,,
20081,,0,,mercenaryset,,,,,0,0,,,
20080,587,,,janus5codebset30p,,,,,0,0,,,
20079,587,,,janus5codeaset30p,,,,,0,0,,,
20078,587,,,janus5decoder30p,,,,,0,0,,,
20077,562,,,skull8codebset30p,,,,,0,0,,,
20076,562,,,skull8codeaset30p,,,,,0,0,,,
20075,562,,,skull8decoder30p,,,,,0,0,,,
20074,,0,,skull4couponset,0,,,skull4couponset,,0,,,
20073,,,,zombiedskinsale,,,,zombiedskinsale,0,0,,,
20072,532,,,balrog3codebset30p,,,,,0,0,,,
20071,532,,,balrog3codeaset30p,,,,,0,0,,,
20070,532,,,balrog3decoder30p,,,,,0,0,,,
20069,517,,,balrog1codeaset30p,,,,,0,0,,,
20068,517,,,balrog1decoder30p,,,,,0,0,,,
20067,,0,,yurialice2,,,,yurialice2,0,0,,,
20066,511,2,,alice2,,,,,0,0,,,
20065,504,,,balrog9codeaset30p,,,,,0,0,,,
20064,504,,,balrog9decoder30p,,,,,0,0,,,
20063,482,,,balrog5codeaset30p,,,,,0,0,,,
20062,482,,,balrog5decoder30p,,,,,0,0,,,
20061,466,,,balrog7codeaset30p,,,,,0,0,,,
20060,466,,,balrog7decoder30p,,,,,0,0,,,
20059,,,,boomerresidentset,,,,boomerresidentset,0,0,,,
20058,,,,mg36m79axe,,,,,0,0,,,
20057,,1,,PirateSet,,,,PirateSet,0,0,,,
20056,,0,,ZombieDnoWeapon,0,,,,0,0,,,
20055,,0,,JenniferNatasha2,,,,,0,0,,,
20054,268,0,,XmasM95Mg3Set,,,,XmasM95Mg3Set,0,0,,,
20053,267,0,,XmasM95M134Set,,,,XmasM95M134Set,0,0,,,
20052,419,2,,MarineSet,,,,MarineSet,0,0,,,
20051,,0,,Skull1KatanaHP,,,,Skull1KatanaHP,0,0,,,
20050,,0,,MG36CodeASet30p,0,,,MG36CodeASet30p,0,0,,,
20049,,2,,ChnClassPack,,,,ChnClassPack,0,0,,,
20048,,0,,stg44CodeA,0,,,stg44CodeA,0,0,,,
20047,393,1,,BlairSet,0,,,BlairSet,0,0,,,
20046,392,2,,FernandoSet,0,98,2,FernandoSet,0,0,,,
20045,393,1,,BlairSet(50%),0,,,BlairSet,0,0,,,
20044,392,2,,FernandoSet(50%),0,,,FernandoSet,0,0,,,
20043,,0,,ZombieLnoWeapon,0,,,ZombieLnoWeapon,0,0,,,
20042,,0,,ZombieKnoWeapon,0,,,ZombieKnoWeapon,0,0,,,
20041,,0,,SpadeHunter,0,,,SpadeHunter,0,0,,,
20040,,0,,Skull57Set,0,,,Skull57Set,0,0,,,
20039,,0,,M79DecoderSet50p,0,,,M79DecoderSet50p,0,0,,,
20038,,0,,M79DecoderSet5p,0,,,M79DecoderSet5p,0,0,,,
20037,360,0,,ma_alice,0,,,ma_alice,0,0,,,
20036,,0,,ZombieJnoWeapon,0,,,ZombieJnoWeapon,0,0,,,
20035,,0,,an94m16a4,18,,,an94m16a4,1,0,,,
20034,,0,,ChoosukSet,0,,,ChoosukSet,0,0,,,
20033,,0,,ScenarioSet02,0,,,ScenarioSet02,0,0,,,
20032,,0,,ScenarioSet01,0,,,ScenarioSet01,0,0,,,
20031,,0,,LocalGirlSet01,0,,,LocalGirlSet01,0,0,,,
20030,,0,,SCWSet,0,,,SCWSet,0,0,,,
20029,,0,,CartSet01,0,,,CartSet01,0,0,,,
20028,,0,,ZombieInoWeapon,0,,,,0,0,,,
20027,,0,,m1887mg3SL8Set,0,,,m1887mg3SL8Set,0,0,,,
20026,,0,,mg3SL8Set,0,,,mg3SL8Set,0,0,,,
20025,,0,,m1887mg3Set,0,,,m1887mg3Set,0,0,,,
20024,,0,,m1887SL8Set,0,,,m1887SL8Set,0,0,,,
20023,,0,,ZombieGnoWeapon,0,,,,0,0,,,
20022,,0,,FakeSet03,0,,,,0,0,,,
20021,,0,,FakeSet02,0,,,,0,0,,,
20020,,0,,FakeSet01,0,,,,0,0,,,
20019,,0,,ZombieALLSet,0,,,,0,0,,,
20018,,0,,ZombieEnoWeapon,0,,,,0,0,,,
20017,,0,,ZombieDnoWeapon,0,,,,0,0,,,
20016,,0,,ZombieCnoWeapon,0,,,,0,0,,,
20015,,0,,ZombieBnoWeapon,0,,,,0,0,,,
20014,,0,,ZombieAnoWeapon,0,,,,0,0,,,
20013,,0,,AllWeaponOBTSet,0,,,,0,0,,,
20012,,0,,AllWeaponClassicSet,0,,,,0,0,,,
20011,,0,,WorldBestSet,0,,,,1,0,,,
20010,,0,,BestRifleSet,0,,,,1,0,,,
20009,,0,,MGSet,0,,,,1,0,,,
20008,,0,,PistolSet,0,,,,1,0,,,
20007,,0,,ShortRangeSet,0,,,,1,0,,,
20006,,0,,ShotgunSet,0,,,,1,0,,,
20005,,0,,VariableSet,0,,,,1,0,,,
20004,,0,,AssaultRifleSet,0,,,,1,0,,,
20003,,0,,SniperSet,0,,,,1,0,,,
20002,,0,,FastAttackSet,0,,,,1,0,,,
20001,,0,,SpeacialSet,0,,,,1,0,,,
20000,,0,,SMGSet,0,,,,1,0,,,
10061,8311,,,classdecoder100,,,3,classdecoder100,0,0,,,
10060,8309,,,g4decoderP20set,,,,g4decoderP20set,0,0,,,
10059,8308,,,g4decoder100set,,,,g4decoder100set,0,0,,,
10058,2094,,,luckybox4_sale,,,3,luckybox4,0,0,,,
10057,8293,,,g5decoderP30set,,20001,3,g5decoderP30set,0,0,,,
10056,8292,,,g5decoder100set,,20002,3,g5decoder100set,0,0,,,
10055,976,,,topdecoderSA30set,,,3,topdecoderSA30set,0,0,,,
10054,975,,,topdecoderSB100set,,,3,topdecoderSB100set,0,0,,,
10053,2092,,,luckybox3_100set,,,3,luckybox3_100set,,,,,
10052,2599,,,topdecoderEPIC100set,,20002,3,topdecoderEPIC100set,0,0,,,
10051,2093,,,summerweaponbox,,,3,,,,,,
10050,2093,,,summerweaponbox_50sale,,,3,summerweaponbox_50sale,,,,,
10049,2092,,,luckybox3_50sale,,,3,luckybox3_50sale,,,,,
10048,975,,,topdecoderSB50mileage10000set,,,3,topdecoderSB50mileage10000set,,,,,
10047,956,0,,topdecoderB50mileage5000set,,,3,,,,,,
10046,957,0,,topdecoderA15mileage2000set,,,3,,,,,,
10045,976,,,topdecoderSA10mileage5000set,,,3,topdecoderSA10mileage5000set,0,0,,,
10044,843,,,tsdecoder100p,,,3,tsdecoder100p,0,0,,,
10043,,,,mdecodersupplyboxPointExpUpBalrog11,,,3,,0,0,,,
10042,,,,mdecodersupplyboxPointExpUpSkull9,,,3,,0,0,,,
10041,,,,mdecodersupplyboxPointExpUpSkull4,,,3,,0,0,,,
10040,774,,,mdecoder100pmileage,,,3,mdecoder100pmileage,0,0,,,
10039,774,,,mdecoder100set,,,3,mdecoder100set,0,0,,,
10038,843,,,tsdecoder50p,,,3,tsdecoder50p,0,0,,,
10037,843,,,tsdecoder30p,,,3,tsdecoder30p,0,0,,,
10036,774,,,mdecoder50pmileage,,,3,mdecoder50pmileage,0,0,,,
10035,774,,,mdecoder50p,,,3,mdecoder50p,0,0,,,
10034,774,,,mdecoder30p,,,3,mdecoder30p,0,0,,,
10033,,0,,codebbox30p,,,3,codebbox30p,0,0,,,
10032,,0,,codeabox30p,,,3,codeabox30p,0,0,,,
10031,,0,,decoderbox30p,,,3,decoderbox30p,0,0,,,
10030,,0,,Bonuspoint16000,0,,,Bonuspoint10000,0,0,,,
10029,533,,,codebbox50p,,,3,codebbox50p,0,0,,,
10028,533,,,codebdecoder30p,,,3,codebdecoder30p,0,0,,,
10027,396,,,codeadecoder30p,,,3,codeadecoder30p,0,0,,,
10026,173,,,decoderset30p,,,3,decoderset30p,0,0,,,
10025,533,,,CodeBDecoder50p,,,3,CodeBDecoder50p,0,0,,,
10024,533,,,CodeBCashDecoder30p,,,,CodeBCashDecoder30p,0,0,,,
10023,,,,codeabox50p,,,3,codeabox50p,0,0,,,
10022,,,,decoderbox50p,,,3,decoderbox50p,0,0,,,
10021,137,0,,ZombieBnoWeapon,0,,,,0,0,,,
10020,8,,,,,,,,1,,,,
10019,261,,,,,,,,0,,,,
10018,396,,,CodeADecoder50p,,,3,CodeADecoder50p,0,0,,,
10017,396,,,CodeACashDecoder30p,,,,CodeACashDecoder30p,0,0,,,
10016,173,,,DecoderSet50p,,,3,DecoderSet50p,0,0,,,
10015,173,,,DecoderSet25p,,,,DecoderSet25p,0,0,,,
10014,292,,,TextH04Bonus,,,,TextH04Bonus,0,0,,,
10013,296,,,TextL04Bonus,,,,TextL04Bonus,0,0,,,
10012,,0,,Bonuspoint3000,0,,,Bonuspoint10000,0,0,,,
10011,,0,,Bonuspoint2000,0,,,Bonuspoint10000,0,0,,,
10010,,0,,Bonuspoint5000,0,,,Bonuspoint10000,0,0,,,
10009,,0,,Bonuspoint20000,0,,,Bonuspoint10000,0,0,,,
10008,,0,,Bonuspoint1000,0,,,Bonuspoint10000,0,0,,,
10007,,0,,Bonuspoint500,0,,,Bonuspoint10000,0,0,,,
10006,,0,,Bonuspoint300,0,,,Bonuspoint10000,0,0,,,
10005,,0,,Bonuspoint100,0,,,Bonuspoint10000,0,0,,,
10004,,0,,Bonuspoint5000,0,,,Bonuspoint10000,0,0,,,
10003,,0,,Bonuspoint10000,0,,,Bonuspoint10000,0,0,,,
10002,,0,,Bonuspoint100000,0,,,Bonuspoint10000,0,0,,,
10001,,0,,Bonuspoint30000,0,,,Bonuspoint10000,0,0,,,
10000,,0,,Bonuspoint30000,0,,,Bonuspoint10000,0,0,,,
9999,9999,,,,,,,,0,,,,
9998,9998,,,,,,,,0,,,,
9997,9997,,,,,,,,0,,,,
8746,8746,,,,,,,,,,,,
8745,8745,,,,,,,,,,,,
8744,8744,,,,,,,,,,,,
8743,8743,,,,,,,,,,,,
8742,8742,,,,,,,,,,,,
8741,8741,,,,,,,,,,,,
8740,8740,,,,,,,,,,,,
8739,8739,,,,,,,,,,,,
8738,8738,,,,,,,,,,,,
8737,8737,,,,,,,,,,,,
8736,8736,,,,,,,,,,,,
8735,8735,,,,,,,,,,,,
8734,8734,,,,,,,,,,,,
8733,8733,,,,,,,,,,,,
8732,8732,,,,,,,,,,,,
8731,8731,,,,,,,,,,,,
8730,8730,,,,,,,,,,,,
8729,8729,,,,,,,,,,,,
8728,8728,,,,,,,,,,,,
8727,8727,,,,,,,,,,,,
8726,8726,,,,,,,,,,,,
8725,8725,,,,,,,,,,,,
8724,8724,,,,,,,,,,,,
8723,8723,,,,,,,,,,,,
8722,8722,,,,,,,,,,,,
8721,8721,,,,,,,,,,,,
8720,8720,,,,,,,,,,,,
8719,8719,,,,,,,,,,,,
8718,8718,,,,,,,,,,,,
8717,8717,,,,,,,,,,,,
8716,8716,,,,,,,,,,,,
8715,8715,,,,,,,,,,,,
8714,8714,,,,,,,,,,,,
8713,8713,,,,,,,,,,,,
8712,8712,,,,,,,,,,,,
8711,8711,,,,,,,,,,,,
8710,8710,,,,,,,,,,,,
8709,8709,,,,,,,,,,,,
8708,8708,,,,,,,,,,,,
8707,8707,,,,,,,,,,,,
8706,8706,,,,,,,,,,,,
8705,8705,,,,,,,,,,,,
8704,8704,,,,,,,,,,,,
8703,8703,,,,,,,,,,,,
8702,8702,,,,,,,,,,,,
8701,8701,,,,,,,,,,,,
8700,8700,,,,,,,,,,,,
8699,8699,,,,,,,,,,,,
8698,8698,,,,,,,,,,,,
8697,8697,,,,,,,,,,,,
8696,8696,,,,,,,,,,,,
8695,8695,,,,,,,,,,,,
8694,8694,,,,,,,,,,,,
8693,8693,,,,,,,,,,,,
8692,8692,,,,,,,,,,,,
8691,8691,,,,,,,,,,,,
8690,8690,,,,,,,,,,,,
8689,8689,,,,,,,,,,,,
8688,8688,,,,,,,,,,,,
8687,8687,,,,,,,,,,,,
8686,8686,,,,,,,,,,,,
8685,8685,,,,,,,,,,,,
8684,8684,,,,,,,,,,,,
8683,8683,,,,,,,,,,,,
8682,8682,,,,,,,,,,,,
8681,8681,,,,,,,,,,,,
8680,8680,,,,,,,,,,,,
8679,8679,,,,,,,,,,,,
8678,8678,,,,,,,,,,,,
8677,8677,,,,,,,,,,,,
8676,8676,,,,,,,,,,,,
8675,8675,,,,,,,,,,,,
8674,8674,,,,,,,,,,,,
8673,8673,,,,,,,,,,,,
8672,8672,,,,,,,,,,,,
8671,8671,,,,,,,,,,,,
8670,8670,,,,,,,,,,,,
8669,8669,,,,,,,,,,,,
8668,8668,,,,,,,,,,,,
8667,8667,,,,,,,,,,,,
8666,8666,,,,,,,,,,,,
8665,8665,,,,,,,,,,,,
8664,8664,,,,,,,,,,,,
8663,8663,,,,,,,,,,,,
8662,8662,,,,,,,,,,,,
8661,8661,,,,,,,,,,,,
8660,8660,,,,,,,,,,,,
8659,8659,,,,,,,,,,,,
8658,8658,,,,,,,,,,,,
8657,8657,,,,,,,,,,,,
8656,8656,,,,,,,,,,,,
8655,8655,,,,,,,,,,,,
8654,8654,,,,,,,,,,,,
8653,8653,,,,,,,,,,,,
8652,8652,,,,,,,,,,,,
8651,8651,,,,,,,,,,,,
8650,8650,,,,,,,,,,,,
8649,8649,,,,,,,,,,,,
8648,8648,,,,,,,,,,,,
8647,8647,,,,,,,,,,,,
8646,8646,,,,,,,,,,,,
8645,8645,,,,,,,,,,,,
8644,8644,,,,,,,,,,,,
8643,8643,,,,,,,,,,,,
8642,8642,,,,,,,,,,,,
8641,8641,,,,,,,,,,,,
8640,8640,,,,,,,,,,,,
8639,8639,,,,,,,,,,,,
8638,8638,,,,,,,,,,,,
8637,8637,,,,,,,,,,,,
8636,8636,,,,,,,,,,,,
8635,8635,,,,,,,,,,,,
8634,8634,,,,,,,,,,,,
8633,8633,,,,,,,,,,,,
8632,8632,,,,,,,,,,,,
8631,8631,,,,,,,,,,,,
8630,8630,,,,,,,,,,,,
8629,8629,,,,,,,,,,,,
8628,8628,,,,,,,,,,,,
8627,8627,,,,,,,,,,,,
8626,8626,,,,,,,,,,,,
8625,8625,,,,,,,,,,,,
8624,8624,,,,,,,,,,,,
8623,8623,,,,,,,,,,,,
8622,8622,,,,,,,,,,,,
8621,8621,,,,,,,,,,,,
8620,8620,,,,,,,,,,,,
8619,8619,,,,,,,,,,,,
8618,8618,,,,,,,,,,,,
8617,8617,,,,,,,,,,,,
8616,8616,,,,,,,,,,,,
8615,8615,,,,,,,,,,,,
8614,8614,,,,,,,,,,,,
8613,8613,,,,,,,,,,,,
8612,8612,,,,,,,,,,,,
8611,8611,,,,,,,,,,,,
8610,8610,,,,,,,,,,,,
8609,8609,,,,,,,,,,,,
8608,8608,,,,,,,,,,,,
8607,8607,,,,,,,,,,,,
8606,8606,,,,,,,,,,,,
8605,8605,,,,,,,,,,,,
8604,8604,,,,,,,,,,,,
8603,8603,,,,,,,,,,,,
8602,8602,,,,,,,,,,,,
8601,8601,,,,,,,,,,,,
8600,8600,,,,,,,,,,,,
8599,8599,,,,,,,,,,,,
8598,8598,,,,,,,,,,,,
8597,8597,,,,,,,,,,,,
8596,8596,,,,,,,,,,,,
8595,8595,,,,,,,,,,,,
8594,8594,,,,,,,,,,,,
8593,8593,,,,,,,,,,,,
8592,8592,,,,,,,,,,,,
8591,8591,,,,,,,,,,,,
8590,8590,,,,,,,,,,,,
8589,8589,,,,,,,,,,,,
8588,8588,,,,,,,,,,,,
8587,8587,,,,,,,,,,,,
8586,8586,,,,,,,,,,,,
8585,8585,,,,,,,,,,,,
8584,8584,,,,,,,,,,,,
8583,8583,,,,,,,,,,,,
8582,8582,,,,,,,,,,,,
8581,8581,,,,,,,,,,,,
8580,8580,,,,,,,,,,,,
8579,8579,,,,,,,,,,,,
8578,8578,,,,,,,,,,,,
8577,8577,,,,,,,,,,,,
8576,8576,,,,,,,,,,,,
8575,8575,,,,,,,,,,,,
8574,8574,,,,,,,,,,,,
8573,8573,,,,,,,,,,,,
8572,8572,,,,,,,,,,,,
8571,8571,,,,,,,,,,,,
8570,8570,,,,,,,,,,,,
8569,8569,,,,,,,,,,,,
8568,8568,,,,,,,,,,,,
8567,8567,,,,,,,,,,,,
8566,8566,,,,,,,,,,,,
8565,8565,,,,,,,,,,,,
8564,8564,,,,,,,,,,,,
8563,8563,,,,,,,,,,,,
8562,8562,,,,,,,,,,,,
8561,8561,,,,,,,,,,,,
8560,8560,,,,,,,,,,,,
8559,8559,,,,,,,,,,,,
8558,8558,,,,,,,,,,,,
8557,8557,,,,,,,,,,,,
8556,8556,,,,,,,,,,,,
8555,8555,,,,,,,,,,,,
8554,8554,,,,,,,,,,,,
8553,8553,,,,,,,,,,,,
8552,8552,,,,,,,,,,,,
8551,8551,,,,,,,,,,,,
8550,8550,,,,,,,,,,,,
8549,8549,,,,,,,,,,,,
8548,8548,,,,,,,,,,,,
8547,8547,,,,,,,,,,,,
8546,8546,,,,,,,,,,,,
8545,8545,,,,,,,,,,,,
8544,8544,,,,,,,,,,,,
8543,8543,,,,,,,,,,,,
8542,8542,,,,,,,,,,,,
8541,8541,,,,,,,,,,,,
8540,8540,,,,,,,,,,,,
8539,8539,,,,,,,,,,,,
8538,8538,,,,,,,,,,,,
8537,8537,,,,,,,,,,,,
8536,8536,,,,,,,,,,,,
8535,8535,,,,,,,,,,,,
8534,8534,,,,,,,,,,,,
8533,8533,,,,,,,,,,,,
8532,8532,,,,,,,,,,,,
8531,8531,,,,,,,,,,,,
8530,8530,,,,,,,,,,,,
8529,8529,,,,,,,,,,,,
8528,8528,,,,,,,,,,,,
8527,8527,,,,,,,,,,,,
8526,8526,,,,,,,,,,,,
8525,8525,,,,,,,,,,,,
8524,8524,,,,,,,,,,,,
8523,8523,,,,,,,,,,,,
8520,8520,,,,,,,,,,,,
8519,8519,,,,,,,,,,,,
8518,8518,,,,,,,,,,,,
8517,8517,,,,,,,,,,,,
8516,8516,,,,,,,,,,,,
8515,8515,,,,,,,,,,,,
8514,8514,,,,,,,,,,,,
8513,8513,,,,,,,,,,,,
8512,8512,,,,,,,,,,,,
8511,8511,,,,,,,,,,,,
8510,8510,,,,,,,,,,,,
8509,8509,,,,,,,,,,,,
8508,8508,,,,,,,,,,,,
8507,8507,,,,,,,,,,,,
8506,8506,,,,,,,,,,,,
8505,8505,,,,,,,,,,,,
8504,8504,,,,,,,,,,,,
8503,8503,,,,,,,,,,,,
8502,8502,,,,,,,,,,,,
8501,8501,,,,,,,,,,,,
8500,8500,,,,,,,,,,,,
8499,8499,,,,,,,,,,,,
8498,8498,,,,,,,,,,,,
8497,8497,,,,,,,,,,,,
8496,8496,,,,,,,,,,,,
8495,8495,,,,,,,,,,,,
8494,8494,,,,,,,,,,,,
8493,8493,,,,,,,,,,,,
8492,8492,,,,,,,,,,,,
8491,8491,,,,,,,,,,,,
8490,8490,,,,,,,,,,,,
8489,8489,,,,,,,,,,,,
8488,8488,,,,,,,,,,,,
8487,8487,,,,,,,,,,,,
8486,8486,,,,,,,,,,,,
8485,8485,,,,,,,,,,,,
8484,8484,,,,,,,,,,,,
8483,8483,,,,,,,,,,,,
8482,8482,,,,,,,,,,,,
8481,8481,,,,,,,,,,,,
8480,8480,,,,,,,,,,,,
8479,8479,,,,,,,,,,,,
8478,8478,,,,,,,,,,,,
8477,8477,,,,,,,,,,,,
8476,8476,,,,,,,,,,,,
8475,8475,,,,,,,,,,,,
8474,8474,,,,,,,,,,,,
8473,8473,,,,,,,,,,,,
8472,8472,,,,,,,,,,,,
8471,8471,,,,,,,,,,,,
8470,8470,,,,,,,,,,,,
8469,8469,,,,,,,,,,,,
8468,8468,,,,,,,,,,,,
8467,8467,,,,,,,,,,,,
8466,8466,,,,,,,,,,,,
8465,8465,,,,,,,,,,,,
8464,8464,,,,,,,,,,,,
8463,8463,,,,,,,,,,,,
8462,8462,,,,,,,,,,,,
8461,8461,,,,,,,,,,,,
8460,8460,,,,,,,,,,,,
8459,8459,,,,,,,,,,,,
8458,8458,,,,,,,,,,,,
8457,8457,,,,,,,,,,,,
8456,8456,,,,,,,,,,,,
8455,8455,,,,,,,,,,,,
8454,8454,,,,,,,,,,,,
8453,8453,,,,,,,,,,,,
8452,8452,,,,,,,,,,,,
8451,8451,,,,,,,,,,,,
8450,8450,,,,,,,,,,,,
8449,8449,,,,,,,,,,,,
8448,8448,,,,,,,,,,,,
8447,8447,,,,,,,,,,,,
8446,8446,,,,,,,,,,,,
8445,8445,,,,,,,,,,,,
8444,8444,,,,,,,,,,,,
8443,8443,,,,,,,,,,,,
8442,8442,,,,,,,,,,,,
8441,8441,,,,,,,,,,,,
8440,8440,,,,,,,,,,,,
8439,8439,,,,,,,,,,,,
8438,8438,,,,,,,,,,,,
8437,8437,,,,,,,,,,,,
8436,8436,,,,,,,,,,,,
8435,8435,,,,,,,,,,,,
8434,8434,,,,,,,,,,,,
8433,8433,,,,,,,,,,,,
8432,8432,,,,,,,,,,,,
8431,8431,,,,,,,,,,,,
8430,8430,,,,,,,,,,,,
8429,8429,,,,,,,,,,,,
8428,8428,,,,,,,,,,,,
8427,8427,,,,,,,,,,,,
8426,8426,,,,,,,,,,,,
8425,8425,,,,,,,,,,,,
8424,8424,,,,,,,,,,,,
8423,8423,,,,,,,,,,,,
8422,8422,,,,,,,,,,,,
8421,8421,,,,,,,,,,,,
8420,8420,,,,,,,,,,,,
8419,8419,,,,,,,,,,,,
8418,8418,,,,,,,,,,,,
8417,8417,,,,,,,,,,,,
8416,8416,,,,,,,,,,,,
8415,8415,,,,,,,,,,,,
8414,8414,,,,,,,,,,,,
8413,8413,,,,,,,,,,,,
8412,8412,,,,,,,,,,,,
8411,8411,,,,,,,,,,,,
8410,8410,,,,,,,,,,,,
8409,8409,,,,,,,,,,,,
8408,8408,,,,,,,,,,,,
8407,8407,,,,,,,,,,,,
8406,8406,,,,,,,,,,,,
8405,8405,,,,,,,,,,,,
8404,8404,,,,,,,,,,,,
8403,8403,,,,,,,,,,,,
8402,8402,,,,,,,,,,,,
8401,8401,,,,,,,,,,,,
8400,8400,,,,,,,,,,,,
8399,8399,,,,,,,,,,,,
8398,8398,,,,,,,,,,,,
8397,8397,,,,,,,,,,,,
8396,8396,,,,,,,,,,,,
8395,8395,,,,,,,,,,,,
8394,8394,,,,,,,,,,,,
8393,8393,,,,,,,,,,,,
8392,8392,,,,,,,,,,,,
8391,8391,,,,,,,,,,,,
8390,8390,,,,,,,,,,,,
8389,8389,,,,,,,,,,,,
8388,8388,,,,,,,,,,,,
8387,8387,,,,,,,,,,,,
8386,8386,,,,,,,,,,,,
8385,8385,,,,,,,,,,,,
8384,8384,,,,,,,,,,,,
8383,8383,,,,,,,,,,,,
8382,8382,,,,,,,,,,,,
8381,8381,,,,,,,,,,,,
8380,8380,,,,,,,,,,,,
8379,8379,,,,,,,,,,,,
8378,8378,,,,,,,,,,,,
8377,8377,,,,,10010,,,,,,,
8376,8376,,,,,10009,,,,,,,
8375,8375,,,,,10008,,,,,,,
8374,8374,,,,,,,,,,,,
8373,8373,,,,,,,,,,,,
8372,8372,,,,,,,,,,,,
8371,8371,,,,,,,,,,,,
8370,8370,,,,,,,,,,,,
8369,8369,,,,,,,,,,,,
8368,8368,,,,,,,,,,,,
8367,8367,,,,,,,,,,,,
8366,8366,,,,,,,,,,,,
8365,8365,,,,,,,,,,,,
8364,8364,,,,,,,,,,,,
8363,8363,,,,,,,,,,,,
8362,8362,,,,,,,,,,,,
8361,8361,,,,,,,,,,,,
8360,8360,,,,,,,,,,,,
8359,8359,,,,,,,,,,,,
8358,8358,,,,,,,,,,,,
8357,8357,,,,,10011,,,,,,,
8356,8356,,,,,,,,,,,,
8355,8355,,,,,,,,,,,,
8354,8354,,,,,,,,,,,,
8353,8353,,,,,,,,,,,,
8352,8352,,,,,,,,,,,,
8351,8351,,,,,,,,,,,,
8350,8350,,,,,,,,,,,,
8349,8349,,,,,,,,,,,,
8348,8348,,,,,,,,,,,,
8347,8347,,,,,,,,,,,,
8346,8346,,,,,,,,,,,,
8345,8345,,,,,,,,,,,,
8344,8344,,,,,,,,,,,,
8343,8343,,,,,,,,,,,,
8342,8342,,,,,,,,,,,,
8341,8341,,,,,,,,,,,,
8340,8340,,,,,,,,,,,,
8339,8339,,,,,,,,,,,,
8338,8338,,,,,,,,,,,,
8337,8337,,,,,,,,,,,,
8336,8336,,,,,,,,,,,,
8335,8335,,,,,,,,,,,,
8334,8334,,,,,,,,,,,,
8333,8333,,,,,,,,,,,,
8332,8332,,,,,,,,,,,,
8331,8331,,,,,,,,,,,,
8330,8330,,,,,,,,,,,,
8329,8329,,,,,,,,,,,,
8328,8328,,,,,,,,,,,,
8327,8327,,,,,,,,,,,,
8326,8326,,,,,10006,,,,,,,
8325,8325,,,,,10005,,,,,,,
8324,8324,,,,,10004,,,,,,,
8323,8323,,,,,,,,,,,,
8322,8322,,,,,,,,,,,,
8321,8321,,,,,,,,,,,,
8320,8320,,,,,,,,,,,,
8319,8319,,,,,,,,,,,,
8318,8318,,,,,,,,,,,,
8317,8317,,,,,,,,,,,,
8316,8316,,,,,,,,,,,,
8315,8315,,,,,,,,,,,,
8314,8314,,,,,,,,,,,,
8313,8313,,,,,,,,,,,,
8312,8312,,,,,10013,,,,,,,
8311,8311,,,,,10012,3,,,,,,
8310,8310,,,,,,,,,,,,
8309,8309,,,,,10015,,,,,,,
8308,8308,,,,,10014,,,,,,,
8307,8307,,,,,,,,,,,,
8306,8306,,,,,,,,,,,,
8305,8305,,,,,,,,,,,,
8304,8304,,,,,,,,,,,,
8303,8303,,,,,,,,,,,,
8302,8302,,,,,,,,,,,,
8301,8301,,,,,,,,,,,,
8300,8300,,,,,,,,,,,,
8299,8299,,,,,,,,,,,,
8298,8298,,,,,,,,,,,,
8297,8297,,,,,,,,,,,,
8296,8296,,,,,,,,,,,,
8295,8295,,,,,,,,,,,,
8294,8294,,,,,,,,,,,,
8293,8293,,,,,,,,,,,,
8292,8292,,,,,10016,,,,,,,
8291,8291,,,,,,,,,,,,
8290,8290,,,,,,,,,,,,
8289,8289,,,,,,,,,,,,
8288,8288,,,,,,,,,,,,
8287,8287,,,,,,,,,,,,
8286,8286,,,,,,,,,,,,
8285,8285,,,,,,,,,,,,
8284,8284,,,,,,,,,,,,
8283,8283,,,,,,,,,,,,
8282,8282,,,,,,,,,,,,
8281,8281,,,,,,,,,,,,
8280,8280,,,,,,,,,,,,
8279,8279,,,,,,,,,,,,
8278,8278,,,,,,,,,,,,
8277,8277,,,,,,,,,,,,
8276,8276,,,,,,,,,,,,
8275,8275,,,,,,,,,,,,
8274,8274,,,,,,,,,,,,
8273,8273,,,,,,,,,,,,
8272,8272,,,,,,,,,,,,
8271,8271,,,,,,,,,,,,
8270,8270,,,,,,,,,,,,
8269,8269,,,,,,,,,,,,
8268,8268,,,,,,,,,,,,
8267,8267,,,,,,,,,,,,
8266,8266,,,,,,,,,,,,
8265,8265,,,,,,,,,,,,
8264,8264,,,,,,,,,,,,
8263,8263,,,,,,,,,,,,
8262,8262,,,,,,,,,,,,
8261,8261,,,,,,,,,,,,
8260,8260,,,,,,,,,,,,
8259,8259,,,,,,,,,,,,
8258,8258,,,,,,,,,,,,
8257,8257,,,,,,,,,,,,
8256,8256,,,,,,,,,,,,
8255,8255,,,,,,,,,,,,
8254,8254,,,,,,,,,,,,
8253,8253,,,,,,,,,,,,
8252,8252,,,,,,,,,,,,
8251,8251,,,,,,,,,,,,
8250,8250,,,,,,,,,,,,
8249,8249,,,,,,,,,,,,
8248,8248,,,,,,,,,,,,
8247,8247,,,,,,,,,,,,
8246,8246,,,,,,,,,,,,
8245,8245,,,,,,,,,,,,
8244,8244,,,,,,,,,,,,
8243,8243,,,,,,,,,,,,
8242,8242,,,,,,,,,,,,
8241,8241,,,,,,,,,,,,
8240,8240,,,,,,,,,,,,
8239,8239,,,,,,,,,,,,
8238,8238,,,,,,,,,,,,
8237,8237,,,,,,,,,,,,
8236,8236,,,,,,,,,,,,
8235,8235,,,,,,,,,,,,
8234,8234,,,,,,,,,,,,
8233,8233,,,,,,,,,,,,
8232,8232,,,,,,,,,,,,
8231,8231,,,,,,,,,,,,
8230,8230,,,,,,,,,,,,
8229,8229,,,,,,,,,,,,
8228,8228,,,,,,,,,,,,
8227,8227,,,,,,,,,,,,
8226,8226,,,,,,,,,,,,
8225,8225,,,,,,,,,,,,
8224,8224,,,,,,,,,,,,
8223,8223,,,,,,,,,,,,
8222,8222,,,,,,,,,,,,
8221,8221,,,,,,,,,,,,
8220,8220,,,,,,,,,,,,
8219,8219,,,,,,,,,,,,
8218,8218,,,,,,,,,,,,
8217,8217,,,,,,,,,,,,
8216,8216,,,,,,,,,,,,
8215,8215,,,,,,,,,,,,
8214,8214,,,,,,,,,,,,
8213,8213,,,,,,,,,,,,
8212,8212,,,,,,,,,,,,
8211,8211,,,,,,,,,,,,
8210,8210,,,,,,,,,,,,
8209,8209,,,,,,,,,,,,
8308,8308,,,,,,,,,,,,
8196,8196,,,,,,,,,,,,
8195,8195,,,,,,,,,,,,
8193,8193,,,,,,,,,,,,
8167,8167,,,,,,,,,,,,
8166,8166,,,,,,,,,,,,
8165,8165,,,,,,,,,,,,
8164,8164,,,,,,,,,,,,
8163,8163,,,,,,,,,,,,
8162,8162,,,,,,,,,,,,
8161,8161,,,,,,,,,,,,
8160,8160,,,,,,,,,,,,
8159,8159,,,,,,,,,,,,
8158,8158,,,,,,,,,,,,
8157,8157,,,,,,,,,,,,
8156,8156,,,,,,,,,,,,
8155,8155,,,,,,,,,,,,
8154,8154,,,,,,,,,,,,
8153,8153,,,,,,,,,,,,
8152,8152,,,,,,,,,,,,
8151,8151,,,,,,,,,,,,
8150,8150,,,,,,,,,,,,
8149,8149,,,,,,,,,,,,
8148,8148,,,,,,,,,,,,
8147,8147,,,,,,,,,,,,
8146,8146,,,,,,,,,,,,
8145,8145,,,,,,,,,,,,
8144,8144,,,,,,,,,,,,
8143,8143,,,,,,,,,,,,
8137,8137,,,,,,,,,,,,
8136,8136,,,,,,,,,,,,
8135,8135,,,,,,,,,,,,
8134,8134,,,,,,,,,,,,
8133,8133,,,,,,,,,,,,
8132,8132,,,,,2016,,,,,,,
8129,8129,,,,,,,,,,,,
8128,8128,,,,,,,,,,,,
8123,8123,,,,,,,,,,,,
8119,8119,,,,,2013,,,,,,,
8118,8118,,,,,2015,,,,,,,
8117,8117,,,,,,,,,,,,
8114,8114,,,,,,,,,,,,
8113,8113,,,,,,,,,,,,
8112,8112,,,,,,,,,,,,
8111,8111,,,,,,,,,,,,
8110,8110,,,,,,,,,,,,
8108,8108,,,,,,,,,,,,
8107,8107,,,,,,,,,,,,
8105,8105,,,,,,,,,,,,
8104,8104,,,,,,,,,,,,
8103,8103,,,,,,,,,,,,
8102,8102,,,,,,,,,,,,
8101,8101,,,,,,,,,,,,
8100,8100,,,,,,,,,,,,
8097,8097,,,,,,,,,,,,
8094,8094,,,,,,,,,,,,
8093,8093,,,,,,,,,,,,
8091,8091,,,,,,,,,,,,
8090,8090,,,,,,,,,,,,
8089,8089,,,,,,,,,,,,
8088,8088,,,,,,,,,,,,
8087,8087,,,,,,,,,,,,
8086,8086,,,,,2001,,,,,,,
8085,8085,,,,,,,,,,,,
8084,8084,,,,,,,,,,,,
8078,8078,,,,,,,,,,,,
8077,8077,,,,,,,,,,,,
8076,8076,,,,,,,,,,,,
8075,8075,,,,,,,,,,,,
8074,8074,,,,,,,,,,,,
8073,8073,,,,,,,,,,,,
8070,8070,,,,,,,,,,,,
8069,8069,,,,,,,,,,,,
8068,8068,,,,,,,,,,,,
8067,8067,,,,,,,,,,,,
8066,8066,,,,,,,,,,,,
8065,8065,,,,,,,,,,,,
8064,8064,,,,,,,,,,,,
8063,8063,,,,,,,,,,,,
8062,8062,,,,,,,,,,,,
8061,8061,,,,,,,,,,,,
8060,8060,,,,,,,,,,,,
8059,8059,,,,,,,,,,,,
8058,8058,,,,,,,,,,,,
8057,8057,,,,,,,,,,,,
8056,8056,,,,,,,,,,,,
8054,8054,,,,,,,,,,,,
8053,8053,,,,,,,,,,,,
8052,8052,,,,,,,,,,,,
8051,8051,,,,,,,,,,,,
8050,8050,,,,,,,,,,,,
8049,8049,,,,,2029,,,,,,,
8048,8048,,,,,,,,,,,,
8047,8047,,,,,,,,,,,,
8046,8046,,,,,,,,,,,,
8045,8045,,,,,,,,,,,,
8044,8044,,,,,,,,,,,,
8043,8043,,,,,,,,,,,,
8041,8041,,,,,,,,,,,,
8033,8033,,,,,,,,,,,,
8032,8032,,,,,,,,,,,,
8031,8031,,,,,,,,,,,,
8030,8030,,,,,,,,,,,,
8029,8029,,,,,,,,,,,,
8028,8028,,,,,,,,,,,,
8027,8027,,,,,,,,,,,,
8026,8026,,,,,,,,,,,,
8025,8025,,,,,,,,,,,,
8024,8024,,,,,,,,,,,,
8023,8023,,,,,,,,,,,,
8022,8022,,,,,,,,,,,,
8021,8021,,,,,,,,,,,,
8020,8020,,,,,,,,,,,,
8019,8019,,,,,,,,,,,,
8018,8018,,,,,,,,,,,,
8017,8017,,,,,,,,,,,,
8016,8016,,,,,,,,,,,,
8015,8015,,,,,,,,,,,,
8014,8014,,,,,,,,,,,,
8013,8013,,,,,,,,,,,,
8012,8012,,,,,,,,,,,,
8011,8011,,,,,,,,,,,,
8010,8010,,,,,,,,,,,,
8009,8009,,,,,,,,,,,,
8008,8008,,,,,,,,,,,,
8006,8006,,,,,9005,,,,,,,
8005,8005,,,,,9003,,,,,,,
8004,8004,,,,,9001,,,,,,,
8003,8003,,,,,9004,,,,,,,
8002,8002,,,,,9002,,,,,,,
8001,8001,,,,,9006,,,,,,,
7104,7104,,,,,,,,,,,,
7103,7103,,,,,,,,,,,,
7102,7102,,,,,,,,,,,,
7100,7100,,,,,,,,,,,,
7099,7099,,,,,,,,,,,,
7098,7098,,,,,,,,,,,,
7097,7097,,,,,,,,,,,,
7095,7095,,,,,,,,,,,,
7091,7091,,,,,,,,,,,,
7089,7089,,,,,,,,,,,,
7088,7088,,,,,,,,,,,,
7087,7087,,,,,,,,,,,,
7085,7085,,,,,,,,,,,,
7084,7084,,,,,,,,,,,,
7079,7079,,,,,,,,,,,,
7076,7076,,,,,,,,,,,,
7072,7072,,,,,,,,,,,,
7071,7071,,,,,,,,,,,,
7070,7070,,,,,,,,,,,,
7069,7069,,,,,,,,,,,,
7068,7068,,,,,,,,,,,,
7067,7067,,,,,,,,,,,,
7063,7063,,,,,,,,,,,,
7062,7062,,,,,,,,,,,,
7060,7060,,,,,,,,,,,,
7059,7059,,,,,,,,,,,,
7058,7058,,,,,,,,,,,,
7057,7057,,,,,,,,,,,,
7056,7056,,,,,,,,,,,,
7055,7055,,,,,,,,,,,,
7054,7054,,,,,,,,,,,,
7053,7053,,,,,,,,,,,,
7051,7051,,,,,,,,,,,,
7050,7050,,,,,,,,,,,,
7047,7047,,,,,,,,,,,,
7045,7045,,,,,,,,,,,,
7044,7044,,,,,,,,,,,,
7040,7040,,,,,,,,,,,,
7030,7030,,,,,,,,,,,,
7029,7029,,,,,,,,,,,,
7028,7028,,,,,,,,,,,,
7027,7027,,,,,,,,,,,,
7025,7025,,,,,,,,,,,,
7024,7024,,,,,,,,,,,,
7021,7021,,,,,,,,,,,,
7014,7014,,,,,,,,,,,,
7010,7010,,,,,,,,,,,,
7006,7006,,,,,,,,,,,,
7005,7005,,,,,,,,,,,,
7004,7004,,,,,,,,,,,,
7003,7003,,,,,,,,,,,,
7002,7002,,,,,,,,,,,,
7001,7001,,,,,,,,,,,,
6136,6136,,,,,,,,,,,,
6135,6135,,,,,,,,,,,,
6134,6134,,,,,,,,,,,,
6133,6133,,,,,,,,,,,,
6132,6132,,,,,,,,,,,,
6131,6131,,,,,,,,,,,,
6130,6130,,,,,,,,,,,,
6129,6129,,,,,,,,,,,,
6128,6128,,,,,,,,,,,,
6127,6127,,,,,,,,,,,,
6126,6126,,,,,,,,,,,,
6125,6125,,,,,,,,,,,,
6124,6124,,,,,,,,,,,,
6123,6123,,,,,,,,,,,,
6122,6122,,,,,,,,,,,,
6121,6121,,,,,,,,,,,,
6120,6120,,,,,,,,,,,,
6119,6119,,,,,,,,,,,,
6118,6118,,,,,,,,,,,,
6117,6117,,,,,,,,,,,,
6116,6116,,,,,,,,,,,,
6115,6115,,,,,,,,,,,,
6114,6114,,,,,,,,,,,,
6113,6113,,,,,,,,,,,,
6112,6112,,,,,,,,,,,,
6111,6111,,,,,,,,,,,,
6110,6110,,,,,,,,,,,,
6109,6109,,,,,,,,,,,,
6108,6108,,,,,,,,,,,,
6107,6107,,,,,,,,,,,,
6106,6106,,,,,,,,,,,,
6105,6105,,,,,,,,,,,,
6104,6104,,,,,,,,,,,,
6103,6103,,,,,,,,,,,,
6102,6102,,,,,,,,,,,,
6101,6101,,,,,,,,,,,,
6100,6100,,,,,,,,,,,,
5302,5302,,,mileagegift,,10007,,MileageGift,,,,,
5301,5301,0,,,0,,,,,,,,
5250,5250,,,EnhAnti1grade,,,,EnhAnti1grade,,,,,
5248,5248,,,,,,,,,,,,
5247,5247,,,,,,,,,,,,
5243,5243,,,,,,,,,,,,
5242,5242,,,,,,,,,,,,
5241,5241,,,,,,,,,,,,
5240,5240,,,,,,,,,,,,
5239,5239,,,,,,,,,,,,
5238,5238,,,,,,,,,,,,
5236,5236,,,,,,,,,,,,
5234,5234,,,,,,,,,,,,
5233,5233,,,,,,,,,,,,
5232,5232,,,,,,,,,,,,
5231,5231,,,,,,,,,,,,
5230,5230,,,,,,,,,,,,
5229,5229,,,,,,,,,,,,
5228,5228,,,,,,,,,,,,
5227,5227,,,,,,,,,,,,
5226,5226,,,,,,,,,,,,
5225,5225,,,,,,,,,,,,
5224,5224,,,,,,,,,,,,
5223,5223,,,,,,,,,,,,
5222,5222,,,,,,,,,,,,
5221,5221,,,,,,,,,,,,
5220,5220,,,,,,,,,,,,
5219,5219,,,,,,,,,,,,
5218,5218,,,,,,,,,,,,
5205,5205,,,,,109,2,,0,,,,
5204,5204,0,,,0,113,2,,,,,,
5203,5203,,,EnhNor,,116,,,,,,,
5202,5202,,,,,,,,0,,,,
5201,5201,,,,,,,,0,,,,
5106,5106,,,,,,,,0,,,,
5057,5057,,,,,,,,0,,,,
5045,5045,,,,,,,,,,,,
5039,5039,,,,,,,,,,,,
5033,5033,,,,,,,,,,,,
5027,5027,,,,,,,,,,,,
5021,5021,,,,,,,,,,,,
5015,5015,,,,,,,,,,,,
2701,2701,,,,,,,,,,,,
2685,2685,,,,,,,,,,,,
2684,2684,,,,,,,,,,,,
2683,2683,,,,,,,,,,,,
2682,2682,,,,,,,,,,,,
2681,2681,,,,,,,,,,,,
2680,2680,,,,,,,,,,,,
2679,2679,,,,,,,,,,,,
2678,2678,,,,,,,,,,,,
2677,2677,,,,,,,,,,,,
2676,2676,,,,,,,,,,,,
2668,2668,,,,,,,,,,,,
2667,2667,,,,,,,,,,,,
2666,2666,,,,,,,,,,,,
2665,2665,,,,,,,,,,,,
2664,2664,,,,,,,,,,,,
2663,2663,,,,,,,,,,,,
2662,2662,,,,,,,,,,,,
2661,2661,,,,,,,,,,,,
2660,2660,,,,,,,,,,,,
2659,2659,,,,,,,,,,,,
2658,2658,,,,,,,,,,,,
2657,2657,,,,,,,,,,,,
2656,2656,,,,,,,,,,,,
2655,2655,,,,,,,,,,,,
2654,2654,,,,,,,,,,,,
2653,2653,,,,,,,,,,,,
2652,2652,,,,,,,,,,,,
2651,2651,,,,,,,,,,,,
2650,2650,,,,,,,,,,,,
2649,2649,,,,,,,,,,,,
2648,2648,,,,,,,,,,,,
2647,2647,,,,,,,,,,,,
2646,2646,,,,,,,,,,,,
2645,2645,,,,,,,,,,,,
2644,2644,,,,,,,,,,,,
2643,2643,,,,,,,,,,,,
2642,2642,,,,,,,,,,,,
2641,2641,,,,,,,,,,,,
2640,2640,,,,,,,,,,,,
2639,2639,,,,,,,,,,,,
2638,2638,,,,,,,,,,,,
2637,2637,,,,,,,,,,,,
2636,2636,,,,,,,,,,,,
2635,2635,,,,,,,,,,,,
2634,2634,,,,,,,,,,,,
2633,2633,,,,,,,,,,,,
2632,2632,,,,,,,,,,,,
2631,2631,,,,,,,,,,,,
2630,2630,,,,,,,,,,,,
2629,2629,,,,,,,,,,,,
2628,2628,,,,,,,,,,,,
2627,2627,,,,,,,,,,,,
2626,2626,,,,,,,,,,,,
2625,2625,,,,,,,,,,,,
2624,2624,,,,,,,,,,,,
2623,2623,,,,,,,,,,,,
2622,2622,,,,,,,,,,,,
2621,2621,,,,,,,,,,,,
2620,2620,,,,,,,,,,,,
2619,2619,,,,,,,,,,,,
2618,2618,,,,,,,,,,,,
2617,2617,,,,,,,,,,,,
2616,2616,,,,,,,,,,,,
2615,2615,,,,,,,,,,,,
2614,2614,,,,,,,,,,,,
2613,2613,,,,,,,,,,,,
2612,2612,,,,,,,,,,,,
2611,2611,,,,,,,,,,,,
2610,2610,,,,,,,,,,,,
2609,2609,,,,,,,,,,,,
2608,2608,,,,,,,,,,,,
2607,2607,,,,,,,,,,,,
2606,2606,,,,,,,,,,,,
2605,2605,,,,,,,,,,,,
2604,2604,,,,,,,,,,,,
2603,2603,,,,,,,,,,,,
2602,2602,,,,,,,,,,,,
2601,2601,,,,,,,,,,,,
2600,2600,,,,,,,,,,,,
2599,2599,,,topdecoderEPIC,,20001,3,topdecoderEPIC,,,,,
2598,2598,,,,,,,,,,,,
2597,2597,,,,,,,,,,,,
2596,2596,,,,,,,,,,,,
2595,2595,,,,,,,,,,,,
2594,2594,,,,,,,,,,,,
2593,2593,,,,,,,,,,,,
2592,2592,,,,,,,,,,,,
2591,2591,,,,,,,,,,,,
2590,2590,,,,,,,,,,,,
2589,2589,,,,,,,,,,,,
2588,2588,,,,,,,,,,,,
2587,2587,,,,,,,,,,,,
2586,2586,,,,,,,,,,,,
2585,2585,,,,,,,,,,,,
2584,2584,,,,,,,,,,,,
2583,2583,,,,,,,,,,,,
2582,2582,,,,,,,,,,,,
2581,2581,,,,,,,,,,,,
2580,2580,,,,,,,,,,,,
2579,2579,,,,,,,,,,,,
2578,2578,,,,,,,,,,,,
2577,2577,,,,,,,,,,,,
2576,2576,,,,,,,,,,,,
2575,2575,,,,,,,,,,,,
2574,2574,,,,,,,,,,,,
2573,2573,,,,,,,,,,,,
2572,2572,,,,,,,,,,,,
2571,2571,,,,,,,,,,,,
2570,2570,,,,,,,,,,,,
2569,2569,,,,,,,,,,,,
2568,2568,,,,,,,,,,,,
2567,2567,,,,,,,,,,,,
2566,2566,,,,,,,,,,,,
2565,2565,,,,,,,,,,,,
2564,2564,,,,,,,,,,,,
2563,2563,,,,,,,,,,,,
2562,2562,,,,,,,,,,,,
2561,2561,,,,,,,,,,,,
2560,2560,,,,,,,,,,,,
2559,2559,,,,,,,,,,,,
2558,2558,,,,,,,,,,,,
2557,2557,,,,,,,,,,,,
2556,2556,,,,,,,,,,,,
2555,2555,,,,,,,,,,,,
2554,2554,,,,,,,,,,,,
2553,2553,,,,,,,,,,,,
2552,2552,,,,,,,,,,,,
2551,2551,,,,,,,,,,,,
2550,2550,,,,,,,,,,,,
2549,2549,,,,,,,,,,,,
2548,2548,,,,,,,,,,,,
2547,2547,,,,,,,,,,,,
2546,2546,,,,,,,,,,,,
2545,2545,,,,,,,,,,,,
2544,2544,,,,,,,,,,,,
2543,2543,,,,,,,,,,,,
2542,2542,,,,,,,,,,,,
2541,2541,,,,,,,,,,,,
2540,2540,,,,,,,,,,,,
2539,2539,,,,,,,,,,,,
2538,2538,,,,,,,,,,,,
2537,2537,,,,,,,,,,,,
2536,2536,,,,,,,,,,,,
2535,2535,,,,,,,,,,,,
2534,2534,,,,,,,,,,,,
2533,2533,,,,,,,,,,,,
2532,2532,,,,,,,,,,,,
2531,2531,,,,,,,,,,,,
2530,2530,,,,,,,,,,,,
2529,2529,,,,,,,,,,,,
2528,2528,,,,,,,,,,,,
2527,2527,,,,,,,,,,,,
2526,2526,,,,,,,,,,,,
2525,2525,,,,,,,,,,,,
2524,2524,,,,,,,,,,,,
2523,2523,,,,,,,,,,,,
2522,2522,,,,,,,,,,,,
2521,2521,,,,,,,,,,,,
2520,2520,,,,,,,,,,,,
2519,2519,,,,,,,,,,,,
2518,2518,,,,,,,,,,,,
2517,2517,,,,,,,,,,,,
2516,2516,,,,,,,,,,,,
2514,2514,,,,,,,,,,,,
2513,2513,,,,,10003,,,,,,,
2512,2512,,,,,10002,,,,,,,
2511,2511,,,,,10001,,,,,,,
2510,2510,,,,,,,,,,,,
2509,2509,,,,,,,,,,,,
2508,2508,,,,,,,,,,,,
2507,2507,,,,,,,,,,,,
2506,2506,,,,,,,,,,,,
2505,2505,,,,,,,,,,,,
2504,2504,,,,,,,,,,,,
2503,2503,,,,,,,,,,,,
2502,2502,,,,,,,,,,,,
2501,2501,,,,,,,,,,,,
2226,2226,,,,,,,,,,,,
2225,2225,,,zslowitembox,,2005,,zslowitembox,,,,,
2224,2224,,,zshighitembox,,2006,,zshighitembox,,,,,
2223,2223,,,zssupplybox,,2004,,zssupplybox,,,,,
2222,2222,,,transboxm,,,,transboxm,,,,,
2221,2221,,,WeaponPaintPackage,,,,WeaponPaintPackage,,,,,
2220,2220,,,luckybox8,,,,luckybox8,,,,,
2219,2219,,,luckybox7,,,,luckybox7,,,,,
2218,2218,,,,,,,,,,,,
2217,2217,,,,,,,,,,,,
2216,2216,,,,,,,,,,,,
2215,2215,,,luckybox6,,,,luckybox6,,,,,
2214,2214,,,,,,,,,,,,
2213,2213,,,,,,,,,,,,
2212,2212,,,dailyDecoderB,,,,,,,,,
2211,2211,,,dailyDecoderA,,,,,,,,,
2189,2189,,,transbox,,,3,transbox,,,,,
2185,2185,,,vippass,,,,,,,,,
2184,8135,,,,,,,buffclassblairset,,,,,
2183,8134,,,,,,,buffclassfernandoset,,,,,
2182,2182,,,,,,,,,,,,
2181,2181,,,,,,,,,,,,
2180,2180,,,,,,,,,,,,
2179,2179,,,,,,,,,,,,1
2178,2178,,,,,,,,,,,,
2177,2177,,,,,,3,,,,,,
2176,2176,,,,,,3,,,,,,
2175,2175,,,,,,,,,,,,
2114,771,,,,,,,,,,6,,1
2102,2102,,,,,,,,,,,,1
2101,8110,,,mileageshopbox5,,,,,,,,,1
2100,8193,,,mileageshopbox4,,,,,,,,,1
2099,8132,,,mileageshopbox3,,,,,,,,,1
2098,8119,,,mileageshopbox2,,,,,,,,,1
2097,8118,,,mileageshopbox1,,,,,,,,,1
2096,2096,,,,,,3,,,,,,
2095,2095,,,,,,,,,,,,
2094,2094,,,luckybox4,,,3,luckybox4,,,,,
2093,2093,,,,,,,,,,,,
2092,2092,,,,,,,,,,,,
2091,2091,,,,,,3,,,,,,
2090,2090,,,,,,,,,,,,
2089,2089,,,,,,,,,,,,
2088,2088,,,,,,,,,,,,
2087,2087,,,3000mileage,,,,3000mileage,,,,,
2085,2085,,,,,,,,,,,,
2084,2084,,,,,,3,,,,,,
2081,2081,,,,,,,,,,,,
2080,2080,,,,,,,,,,,,
2078,2078,,,,,,,,,,,,
2077,2077,,,,,,,,,,,,
2076,2076,,,,,,,,,,,,
2075,2075,,,,,,,,,,,,
2075,2075,,,,,,,,,,,,
2074,2074,,,,,,,,,,,,
2073,2073,,,,,,,,,,,,
2072,2072,,,,,,,,,,,,
2070,2070,,,,,,,,,,,,
2066,2066,,,,,,,,0,,,,
2065,2065,,,,,,,,0,,,,
2064,2064,,,,,,,,0,,,,
2063,2063,,,,,,,,0,,,,
2055,2055,,,,,,,,0,,,,
2054,2054,,,,,,,,0,,,,
2053,2053,,,,,,,,0,,,,
2052,2052,,,,,,,,0,,,,
2051,2051,,,,,,,,0,,,,
2050,2050,,,,,,,,0,,,,
2038,2038,,,,,,,,0,,,,
2037,2037,,,,,,,,0,,,,
2035,2035,,,,,,,,0,,,,
2031,2031,,,,,,,,0,,,,
1056,1056,,,,,,,,0,,,,
1055,1055,,,,,,,,0,,,,
1054,1054,,,,,,,,0,,,,
1053,1053,,,,,,,,0,,,,
1048,1048,,,,,,,,0,,,,
1047,1047,,,,,,,,0,,,,
1046,1046,,,,,,,,0,,,,
1029,1029,,,10ExpCoupon3,,115,3,ExpCoupon3,,,,,
1028,1028,,,,,,,,,,,,
1027,1027,,,,,,,,,,,,
994,994,,,,,,,,,,,,
993,993,,,,,,,,,,,,
992,992,,,,,,,,,,,,
991,991,,,,,,,,,,,,
987,987,,,,,,,,,,,,
986,986,,,,,,3,,,,,,
985,985,,,,,,,,,,,,
984,984,,,,,,,,,,,,
983,983,,,,,2027,,,,,,,
981,981,,,,,2002,,,,,,,
978,978,,,,,,,,,,,,
977,977,,,,,,,,,,,,
976,976,,,,,,3,,,,,,
975,975,,,,,,3,,,,,,
972,972,,,,,,,,,,,,
971,971,,,,,,,,,,,,
970,970,,,,,,,,,,,,
969,969,,,,,,,,,,,,
968,968,,,,,,,,,,,,
967,967,,,,,,,,,,,,
966,966,,,,,,,,,,,,
965,965,,,,,,,,,,,,
964,964,,,,,,,,,,,,
963,963,,,,,,,,,,,,
962,962,,,,,,,,,,,,
960,960,,,,,,,,,,,,
959,959,,,,,,,,,,,,
957,957,,,,,,3,,,,,,
956,956,,,,,,3,,,,,,
955,955,,,,,,3,,,,,,
954,954,,,,,,,,,,,,
953,953,,,,,,,,,,,,
952,952,,,,,,,,,,,,
951,951,,,,,,,,,,,,
950,950,,,,,,,,,,,,
949,949,,,,,,,,,,,,
948,948,,,,,,,,,,,,
947,947,,,,,2002,3,,,,,,
946,946,,,,,2003,3,,,,,,
945,945,,,,,,,,,,,,
944,944,,,,,,,,,,,,
943,943,,,,,,,,,,,,
942,942,,,,,,,,,,,,
937,937,,,,,,,,,,,,
936,936,,,,,,,,,,,,
935,935,,,,,,,,,,,,
934,934,,,,,,,,,,,,
933,933,,,,,,,,,,,,
932,932,,,,,,,,,,,,
931,931,,,,,,,,,,,,
930,930,,,,,,,,,,,,
929,929,,,,,,,,,,,,
928,928,,,,,2028,,,,,,,
927,927,,,,,,,,,,,,
926,926,,,,,,,,,,,,
924,924,,,,,2033,,,,,,,
923,923,,,,,,,,,,,,
922,922,,,,,,,,,,,,
921,921,,,,,2032,,,,,,,
920,920,,,,,,,,,,,,
919,919,,,,,,,,,,,,
918,918,,,,,,,,,,,,
915,915,,,,,,,,,,,,
914,914,,,,,,,,,,,,
910,910,,,,,,,,,,,,
909,909,,,,,,,,,,,,
908,908,,,,,,,,,,,,
907,907,,,,,,,,,,,,
906,906,,,,,,,,,,,,
905,905,,,,,,,,,,,,
904,904,,,,,,,,,,,,
903,903,,,,,,,,,,,,
902,902,,,,,,,,,,,,
901,901,,,,,,,,,,,,
900,900,,,,,,,,0,,,,
899,899,,,,,2031,,,,,,,
898,898,,,,,,,,,,,,
897,897,,,,,,,,,,,,
896,896,,,,,,,,,,,,
895,895,,,,,,,,0,,,,
894,894,,,,,,,,0,,,,
893,893,,,,,,,,0,,,,
892,892,,,,,,,,0,,,,
891,891,,,,,,,,0,,,,
888,888,,,,,,,,0,,,,
887,887,,,,,,,,0,,,,
880,880,,,,,,,,,,,,
878,878,,,,,,,,,,,,
877,877,,,,,,,,0,,,,
876,876,,,,,,,,0,,,,
875,875,,,,,,,,0,,,,
874,874,,,,,,,,0,,,,
873,873,,,,,,,,0,,,,
868,868,,,,,,,,0,,,,
867,867,,,,,,,,0,,,,
866,866,,,,,,,,,,,,
865,865,,,,,,,,,,,,
862,862,,,,,,,,0,,,,
861,861,,,,,,,,0,,,,
859,859,,,,,,,,0,,,,
858,858,,,,,,,,0,,,,
857,857,,,,,,,,0,,,,
856,856,,,,,,,,0,,,,
855,855,,,,,2,,,0,,,,
854,854,,,,,,,,0,,,,
853,853,,,,,,,,0,,,,
852,852,,,,,1,,,0,,,,
851,851,,,,,,,,0,,,,
850,850,,,,,,,,0,,,,
849,849,,,,,,,,0,,,,
848,848,,,,,,,,0,,,,
847,847,,,,,,,,0,,,,
846,846,,,,,,,,0,,,,
845,845,,,,,,,,0,,,,
844,844,,,,,,,,0,,,,
843,843,,,,,,3,,0,,,,
842,842,,,,,,,,0,,,,
841,841,,,,,,,,0,,,,
840,840,,,,,,,,0,,,,
838,838,,,,,,,,,,,,
836,836,,,,,,,,,,,,
834,834,,,,,,,,0,,,,
833,833,,,,,,,,0,,,,
832,832,,,,,,,,0,,,,
831,831,,,,,,,,0,,,,
829,829,,,,,,,,0,,,,
828,828,,,,,,,,0,,,,
827,827,,,,,,,,0,,,,
826,826,,,,,,,,0,,,,
825,825,,,,,,,,0,,,,
824,824,,,,,,,,0,,,,
823,823,,,,,,,,0,,,,
822,822,,,,,,,,0,,,,
821,821,,,,,,,,0,,,,
820,820,,,,,,,,0,,,,
819,819,,,,,,,,0,,,,
818,818,,,,,,,,0,,,,
817,817,,,,,,,,0,,,,
816,816,,,,,,,,0,,,,
815,815,,,,,,,,0,,,,
814,814,,,,,,,,0,,,,
813,813,,,,,,,,0,,,,
812,812,,,,,,,,0,,,,
810,810,,,,,,,,0,,,,
809,809,,,,,,,,0,,,,
807,807,,,,,,,,0,,,,
805,805,,,,,,,,0,,,,
804,804,,,,,,,,0,,,,
803,803,,,,,,,,0,,,,
800,800,,,,,,,,0,,,,
799,799,,,,,,,,0,,,,
798,798,,,,,,,,0,,,,
797,797,,,,,,,,0,,,,
796,796,,,,,,,,0,,,,
795,795,,,,,,,,0,,,,
794,794,,,,,,,,0,,,,
793,793,,,,,,,,0,,,,
792,792,,,,,2030,,,0,,,,
791,791,,,,,,,,0,,,,
790,790,,,,,8,,,0,,,,
789,789,,,,,,,,0,,,,
788,788,,,,,,,,0,,,,
787,787,,,,,,,,0,,,,
786,786,,,,,,,,0,,,,
785,785,,,,,,,,0,,,,
784,784,,,,,,,,0,,,,
783,783,,,,,,,,0,,,,
782,782,,,,,,,,0,,,,
781,781,,,,,,,,0,,,,
780,780,,,,,,3,,0,,,,
779,779,,,,,,,,0,,,,
778,778,,,,,,,,0,,,,
777,777,,,,,,,,0,,,,
776,776,,,,,,,,0,,,,
775,775,,,,,,,,0,,,,
774,774,,,,,,3,,0,,,,
773,773,,,,,,,,0,,,,
772,772,,,,,,,,0,,,,
771,771,,,,,,,,0,,,,
770,770,,,,,,,,0,,,,
769,769,,,,,,,,0,,,,
768,768,,,,,,,,0,,,,
767,767,,,,,,,,0,,,,
766,766,,,,,,,,0,,,,
765,765,,,,,,,,0,,,,
764,764,,,,,,,,0,,,,
763,763,,,,,,,,0,,,,
762,762,,,,,,,,0,,,,
761,761,,,,,,,,0,,,,
760,760,,,,,,,,0,,,,
759,759,,,,,,,,0,,,,
753,753,,,,,,,,0,,,,
752,752,,,,,2003,,,0,,,,
751,751,,,,,,,,0,,,,
750,750,,,,,,,,0,,,,
749,749,,,,,,,,0,,,,
748,748,,,,,,,,0,,,,
747,747,,,,,,,,0,0,,,
746,746,,,,,,,,0,0,,,
745,745,,,,,,,,0,0,,,
744,744,,,,,,,,0,0,,,
743,743,,,,,2005,,,0,,,,
742,742,,,,,2006,,,0,,,,
741,741,,,,,2007,,,0,,,,
740,740,,,,,,,,0,,,,
739,739,,,,,,,,0,,,,
738,738,,,,,,,,0,,,,
737,737,,,,,,,,0,,,,
736,736,,,,,,,,0,,,,
735,735,,,,,,,,0,,,,
734,734,,,,,,,,0,,,,
733,733,,,,,,,,0,,,,
732,732,,,,,,,,0,,,,
731,731,,,,,,,,0,,,,
730,730,,,,,,,,0,,,,
729,729,,,,,,,,0,,,,
728,728,,,,,,,,0,,,,
727,727,,,,,,,,0,,,,
726,726,,,,,,,,0,,,,
725,725,,,,,,,,0,,,,
724,724,,,,,,,,0,,,,
723,723,,,,,,,,0,,,,
722,722,,,,,,,,0,,,,
721,721,,,,,,,,0,,,,
720,720,,,,,,,,0,,,,
719,719,,,,,,,,0,,,,
718,718,,,,,,,,0,,,,
717,717,,,,,,,,0,,,,
716,716,,,,,,,,0,,,,
715,715,,,,,,,,0,,,,
714,714,,,,,,,,0,,,,
713,713,,,,,,,,0,,,,
712,712,,,,,4,,,0,,,,
711,711,,,,,,,,0,,,,
710,710,,,,,,,,0,,,,
709,709,,,,,,,,0,,,,
706,706,,,,,,,,0,,,,
705,705,,,,,,,,0,,,,
704,704,,,,,,,,0,,,,
703,703,,,,,,,,0,,,,
702,702,,,,,,,,0,,,,
701,701,,,,,,,,0,,,,
700,700,,,,,,,,0,,,,
699,699,,,,,,,,0,,,,
698,698,,,,,,,,0,,,,
697,697,,,,,,,,0,,,,
696,696,,,,,,,,0,,,,
692,692,,,,,,,,0,,,,
691,691,,,,,,,,0,,,,
690,690,,,,,,,,0,,,,
689,689,,,,,,,,0,,,,
688,688,,,,,,,,0,,,,
687,687,,,,,,,,0,,,,
686,686,,,,,,,,0,,,,
685,685,,,,,,,,0,,,,
684,684,,,,,,,,0,,,,
683,683,,,,,,,,0,,,,
682,682,,,,,,,,0,,,,
681,681,,,,,2009,,,0,,,,
680,680,,,,,2010,,,0,,,,
679,679,,,,,2011,,,0,,,,
678,678,,,,,,,,0,,,,
677,677,,,,,,,,0,,,,
676,676,,,,,,,,0,,,,
675,675,,,,,,,,0,,,,
674,674,,,,,,,,0,,,,
673,673,,,,,,,,0,,,,
672,672,,,,,,,,0,,,,
671,671,,,,,,,,0,,,,
670,670,,,,,,,,0,,,,
669,669,,,,,,,,0,,,,
668,668,,,,,,,,0,,,,
667,667,,,,,,,,0,,,,
666,666,,,,,,,,0,,,,
665,665,,,,,,,,0,,,,
664,664,,,,,,,,0,,,,
663,663,,,,,,,,0,,,,
662,662,,,,,,,,0,,,,
661,661,,,,,,,,0,,,,
660,660,,,,,,,,0,,,,
659,659,,,,,,,,0,,,,
658,658,,,,,,,,0,,,,
657,657,,,,,,,,0,,,,
656,656,,,,,,,,0,,,,
655,655,,,,,,,,0,,,,
654,654,,,,,,,,0,,,,
653,653,,,,,,,,0,,,,
652,652,,,,,,,,0,,,,
651,651,,,,,,,,0,,,,
650,650,,,,,,,,0,,,,
649,649,,,,,,,,0,,,,
648,648,,,,,,,,0,,,,
647,647,,,,,,,,0,,,,
646,646,,,,,,,,0,,,,
645,645,,,,,,,,0,,,,
644,644,,,,,,,,0,,,,
643,643,,,,,,,,0,,,,
642,642,,,,,,,,0,,,,
641,641,,,,,,,,0,,,,
640,640,,,,,,,,0,,,,
639,639,,,,,,,,0,,,,
638,638,,,,,,,,0,,,,
637,637,,,,,,,,0,,,,
636,636,,,,,,,,0,,,,
635,635,,,,,,,,0,,,,
634,634,,,,,,,,0,,,,
633,633,,,,,,,,0,,,,
632,632,,,,,,,,0,,,,
631,631,,,,,,,,0,,,,
630,630,,,,,,,,0,,,,
629,629,,,,,,,,0,,,,
628,628,,,,,,,,0,,,,
627,627,,,,,,,,0,,,,
626,626,,,,,,,,0,,,,
625,625,,,,,,,,0,,,,
624,624,,,,,,,,0,,,,
623,623,,,,,,,,0,,,,
622,622,,,,,,,,0,,,,
621,621,,,,,,,,0,,,,
620,620,,,,,,,,0,,,,
619,619,,,,,7,,,0,,,,
618,618,,,,,,,,0,,,,
617,617,,,,,,,,0,,,,
616,616,,,,,5,,,0,,,,
615,615,,,,,,,,0,,,,
614,614,,,,,6,,,0,,,,
613,613,,,,,,,,0,,,,
612,612,,,,,3,,,0,,,,
611,611,,,,,,,,0,,,,
610,610,,,,,,,,0,,,,
609,609,,,,,,,,0,,,,
608,608,,,,,,,,0,,,,
602,602,,,,,,,,,,,,
601,601,,,,,,,,,,,,
599,599,,,,,,,,,,,,
598,598,,,,,,,,,,,,
595,595,,,,,,,,,,,,
594,594,,,,,,,,,,,,
593,593,,,,,,,,0,,,,
592,592,,,,,,,,0,,,,
591,591,,,,,,,,,,,,
590,590,,,,,,,,,,,,
589,589,,,,,,,,,,,,
588,588,,,,,,,,,,,,
587,587,,,,,,,,,,,,
585,585,,,,,,,,,,,,
582,582,,,,,,,,,,,,
579,579,,,,,,,,,,,,
577,577,,,,,,,,,,,,
575,575,,,,,,,,,,,,
574,574,,,,,,,,,,,,
572,572,,,,,,,,,,,,
571,571,,,,,,,,,,,,
570,570,,,,,,,,,,,,
569,569,,,,,,,,,,,,
568,568,,,,,,,,,,,,
567,567,,,,,,,,,,,,
566,566,,,,,,,,,,,,
565,565,,,,,,,,,,,,
564,564,,,,,,,,,,,,
563,563,,,,,,,,,,,,
562,562,,,,,,,,,,,,
561,561,,,,,,,,,,,,
559,559,,,,,,,,,,,,
558,558,,,,,,,,0,,,,
557,557,,,,,,,,,,,,
556,556,,,,,,,,,,,,
554,554,,,,,2004,,,,,,,
553,553,,,,,,,,1,,,,
551,551,,,,,,,,,,,,
550,550,,,,,,,,,,,,
549,549,,,,,,,,,,,,
548,548,,,,,,,,,,,,
543,543,,,,,,,,,,,,
542,542,,,,,,,,0,,,,
541,541,,,,,,,,,,,,
539,539,,,,,2020,,,0,0,,,
538,538,,,,,3,,,0,0,,,
533,533,,,,,,,,,,,,
532,532,,,,,,,,,,,,
531,531,,,,,,,,,,,,
530,530,,,,,,,,,,,,
528,528,,,,,,,,,,,,
527,527,,,,,,,,,,,,
526,526,,,,,,,,,,,,
524,524,,,,,,,,,,,,
519,519,,,,,,,,,,,,
518,518,,,,,,,,,,,,
517,517,,,,,,,,,,,,
516,516,,,,,,,,,,,,
515,515,,,,,,,,,,,,
512,512,,,,,,,,,,,,
511,511,,,,,,,,,,,,
510,510,,,,,,,,,,,,
509,509,,,,,,,,,,,,
506,506,,,,,,,,,,,,
505,505,,,,,,,,,,,,
504,504,,,,,,,,,,,,
503,503,,,,,,,,,,,,
497,497,,,,,2021,,,,,,,
496,496,,,,,,,,,,,,
495,495,,,,,,,,,,,,
493,493,,,,,,,,,,,,
492,492,,,,,,,,,,,,
490,490,,,,,,,,,,,,
489,489,,,,,,,,,,,,
488,488,,,,,,,,,,,,
487,487,,,,,,,,,,,,
486,486,,,,,,,,1,,,,
484,484,,,,,,,,,,,,
483,483,,,,,,,,,,,,
482,482,,,,,,,,,,,,
479,479,,,,,,,,0,,,,
478,478,,,,,,,,0,,,,
477,477,,,,,,,,0,,,,
476,476,,,,,,,,0,,,,
475,475,,,,,,,,0,,,,
473,473,,,,,,,,,,,,
472,472,,,,,,,,,,,,
471,471,,,,,,,,,,,,
469,469,,,,,,,,0,,,,
468,468,,,,,,,,,,,,
467,467,,,,,,,,,,,,
466,466,,,,,,,,,,,,
463,463,,,,,,,,,,,,
460,460,,,,,,,,0,,,,
459,459,,,,,,,,0,,,,
458,458,,,,,,,,,,,,
457,457,,,,,,,,,,,,
455,455,,,,,,,,0,0,,,
453,453,,,,,,,,,,,,
449,449,,,,,,,,1,,,,
448,448,,,,,,,,1,,,,
447,447,,,,,,,,1,,,,
446,446,,,,,,,,1,,,,
445,445,,,,,,,,1,,,,
444,444,,,,,,,,1,,,,
443,443,,,,,,,,1,,,,
442,442,,,,,,,,,,,,
441,441,,,,,,,,,,,,
440,440,,,,,,,,,,,,
437,437,,,,,,,,,,,,
436,436,,,,,,,,,,,,
435,435,,,,,,,,,,,,
434,434,,,,,,,,,,,,
433,433,,,,,,,,,,,,
432,432,,,,,,,,,,,,
431,431,,,,,,,,0,,,,
429,429,,,,,,,,,,,,
428,428,,,,,,,,,,,,
427,427,,,,,2,,,,,,,
426,426,,,,,,,,,,,,
425,425,,,,,,,,,,,,
424,424,,,,,,,,,,,,
423,423,,,,,,,,,,,,
422,422,0,,,,,,,0,0,,,
421,421,,,,,,,,,,,,
420,420,,,,,,,,,,,,
419,419,2,,,,,,,,,,,
418,418,2,,,,,,,,,,,
417,417,0,,,,,,,0,,,,
416,416,,,,,,,,0,0,,,
415,415,,,,,,,,0,0,,,
414,414,0,,,,,,,0,0,,,
413,413,,,,,,,,,,,,
407,407,,,,,1,,,0,,,,
406,406,,,,,,,,0,,,,
405,405,,,,,,,,0,,,,
400,400,0,,,,,,,0,0,,,
399,399,,,,,,,,0,,,,
398,398,,,,,,,,0,,,,
397,397,,,,,,,,0,,,,
396,396,,,,,,,,0,,,,
395,395,,,,,,,,0,,,,
394,394,,,,,,,,0,,,,
393,393,,,,,,,,0,,,,
392,392,,,,,,,,0,,,,
391,391,,,,,,,,0,,,,
390,390,,,,,,,,0,,,,
389,389,,,,,,,,0,,,,
387,387,,,,,,,,0,,,,
386,386,,,,,,,,0,,,,
385,385,,,,,,,,0,,,,
384,384,,,,,,,,0,0,,,
383,383,,,,,,,,0,,,,
382,382,,,,,,,,0,,,,
380,380,,,,,,,,0,,,,
379,379,,,,,,,,0,,,,
378,378,,,,,,,,0,,,,
377,377,,,,,,,,0,,,,
376,376,,,,,,,,0,,,,
375,375,,,,,,,,0,,,,
374,374,,,,,,,,0,,,,
373,373,,,,,,,,0,,,,
372,372,,,,,,,,0,,,,
371,371,,,,,,,,,,,,
370,370,,,,,,,,0,,,,
367,367,,,,,4,,,0,,,,
366,366,,,,,,,,0,,,,
365,365,,,,,,,,0,,,,
364,364,,,,,,,,0,,,,
363,363,,,,,,,,0,,,,
362,362,,,,,,,,0,,,,
361,361,,,,,,,,0,,,,
360,360,,,,,,,,0,,,,
359,359,,,,,,,,0,,,,
358,358,,,,,,,,0,,,,
357,357,,,,,,,,1,,,,
356,356,,,,,,,,1,,,,
355,355,,,,,,,,0,,,,
354,354,,,,,,,,0,,,,
353,353,,,,,,,,0,,,,
352,352,,,,,,,,0,,,,
351,351,,,,,,,,0,,,,
350,350,,,,,,,,0,,,,
349,349,,,,,,,,0,,,,
348,348,,,,,74,2,,0,,,,
347,347,,,,,,,,0,,,,
346,346,,,,,,,,0,,,,
345,345,,,,,,,,0,,,,
344,344,,,,,,,,0,,,,
343,343,,,,,,,,1,,,,
342,342,,,,,,,,0,,,,
341,341,,,,,,,,0,,,,
340,340,,,,,,,,0,,,,
339,339,0,,,,,,,1,0,,,
338,338,,,,,,,,0,,,,
337,337,,,,,,,,0,,,,
336,336,,,,,,,,0,,,,
335,335,,,,,,,,0,,,,
334,334,,,,,,,,0,,,,
333,333,,,,,,,,0,,,,
332,332,,,,,,,,0,,,,
331,331,,,,,,,,0,,,,
330,330,,,,,,,,0,,,,
329,329,,,,,,,,0,,,,
328,328,,,,,,,,0,,,,
327,327,,,,,,,,0,,,,
326,326,,,,,,,,0,,,,
325,325,,,,,,,,0,,,,
324,324,,,,,,,,0,,,,
323,323,,,,,,,,0,,,,
322,322,,,,,,,,0,,,,
321,321,,,,,,,,0,,,,
320,320,,,,,,,,1,,,,
319,319,,,,,,,,0,,,,
318,318,,,,,,,,0,,,,
317,317,,,,,,,,0,,,,
316,316,,,,,,,,0,,,,
315,315,,,,,,,,0,,,,
314,314,,,,,,,,0,,,,
313,313,,,,,,,,0,,,,
312,312,,,,,,,,0,,,,
311,311,,,,,,,,0,,,,
310,310,,,,,,,,0,,,,
309,309,,,,,,,,0,,,,
308,308,,,,,,,,1,,,,
307,307,,,,,,,,0,,,,
306,306,,,,,,,,0,,,,
305,305,,,,,,,,0,,,,
304,304,,,,,,,,0,,,,
303,303,,,,,,,,0,,,,
302,302,,,,,,,,0,,,,
301,301,,,,,,,,0,,,,
300,300,,,,,,,,0,,,,
299,299,,,,,,,,0,,,,
298,298,,,,,,,,0,,,,
297,297,,,,,,,,0,,,,
296,296,,,,,,,,0,,,,
295,295,,,,,,,,0,,,,
294,294,,,,,,,,0,,,,
293,293,,,,,,,,0,,,,
292,292,,,,,,,,0,,,,
291,291,,,,,,,,0,,,,
290,290,,,,,,,,0,,,,
289,289,,,,,,,,0,,,,
288,288,,,,,,,,0,,,,
287,287,,,,,,,,0,,,,
286,286,,,,,,,,0,,,,
285,285,,,,,,,,0,,,,
284,284,,,,,,,,0,,,,
283,283,,,,,,,,0,,,,
282,282,,,,,,,,0,,,,
281,281,,,,,,,,0,,,,
280,280,,,,,,,,0,,,,
279,279,,,,,,,,0,,,,
278,278,,,,,,,,0,,,,
277,277,,,,,,,,0,,,,
276,276,,,,,,,,0,,,,
275,275,,,,,,,,0,,,,
274,274,,,,,,,,0,,,,
273,273,,,,,,,,0,,,,
272,272,,,,,,,,0,,,,
271,271,,,,,,,,0,,,,
270,270,,,,,,,,0,,,,
269,269,,,,,,,,0,,,,
268,268,,,,,,,,0,,,,
267,267,,,,,,,,0,,,,
266,266,,,,,,,,0,,,,
265,265,,,,,,,,0,,,,
264,264,,,,,,,,0,,,,
262,262,,,,,,,,0,,,,
261,261,,,,,,,,0,,,,
260,260,,,,,,,,0,,,,
259,259,,,,,,,,0,,,,
258,258,,,,,,,,0,,,,
257,257,,,,,,,,0,,,,
256,256,,,,,,,,0,,,,
255,255,,,,,,,,1,,,,
254,254,,,,,,,,0,,,,
253,253,,,,,,,,0,,,,
252,252,,,,,,,,0,,,,
251,251,,,,,,,,0,,,,
250,250,,,,,,,,0,,,,
249,249,,,,,,,,0,,,,
248,248,,,,,,,,0,,,,
247,247,,,,,,,,0,,,,
246,246,,,,,,,,0,,,,
245,245,,,,,,,,0,,,,
244,244,,,,,,,,0,,,,
243,243,,,,,,,,0,,,,
242,242,,,,,,,,0,,,,
241,241,,,,,,,,0,,,,
240,240,,,,,,,,0,,,,
239,239,,,,,,,,0,,,,
238,238,,,,,,,,0,,,,
237,237,,,,,,,,0,,,,
236,236,,,,,,,,0,,,,
235,235,,,,,,,,0,,,,
234,234,,,,,114,3,,0,,,,
233,233,,,,,,,,1,,,,
232,232,,,,,,,,0,,,,
231,231,,,,,,,,0,,,,
230,230,,,,,,,,0,,,,
229,229,,,,,,,,0,,,,
228,228,,,,,,,,0,,,,
227,227,,,,,,,,0,,,,
226,226,,,,,,,,0,,,,
225,225,,,,,,,,0,,,,
224,224,,,,,,,,0,,,,
223,223,,,,,,,,0,,,,
222,222,,,,,,,,0,,,,
221,221,,,,,,,,0,,,,
220,220,,,,,,,,0,,,,
219,219,,,,,,,,0,,,,
218,218,,,,,,,,0,,,,
217,217,,,,,,,,0,,,,
216,216,,,,,,,,0,,,,
215,215,,,,,,,,0,,,,
214,214,,,,,,,,0,,,,
213,213,,,,,,,,0,,,,
212,212,,,,,,,,0,,,,
211,211,,,,,,,,0,,,,
210,210,,,,,,,,0,,,,
209,209,,,,,,,,0,,,,
208,208,,,,,,,,0,,,,
207,207,,,,,,,,0,,,,
206,206,,,,,,,,0,,,,
205,205,,,,,,,,0,,,,
204,204,,,,,,,,0,,,,
203,203,,,,,,,,0,,,,
202,202,,,,,,,,0,,,,
201,201,,,,,,,,0,,,,
200,200,,,,,,,,0,,,,
199,199,,,,,,,,0,,,,
198,198,,,,,,,,0,,,,
197,197,,,,,,,,0,,,,
196,196,,,,,,,,0,,,,
195,195,,,,,,,,0,,,,
194,194,,,,,,,,0,,,,
193,193,,,,,,,,0,,,,
192,192,,,,,,,,0,,,,
191,191,,,,,,,,0,,,,
190,190,,,,,,,,0,,,,
189,189,,,,,,,,0,,,,
188,188,,,,,,,,0,,,,
187,187,,,,,,,,0,,,,
186,186,,,,,,,,0,,,,
185,185,,,,,,,,0,,,,
184,184,,,,,,,,0,,,,
183,183,,,,,,,,0,,,,
182,182,,,,,,,,0,,,,
181,181,,,,,,,,0,,,,
180,180,,,,,,,,0,,,,
179,179,,,,,,,,0,,,,
178,178,,,,,,,,0,,,,
177,177,,,,,,,,0,,,,
176,176,,,,,,,,0,,,,
175,175,,,,,,,,0,,,,
174,174,,,,,,,,0,,,,
173,173,,,,,,,,0,,,,
172,172,,,,,,,,0,,,,
171,171,,,,,,,,0,,,,
170,170,,,,,,,,0,,,,
169,169,,,,,,,,0,,,,
168,168,,,,,,,,0,,,,
167,167,,,,,,,,0,,,,
166,166,,,,,,,,0,,,,
165,165,,,,,,,,0,,,,
164,164,,,,,,,,0,,,,
163,163,,,,,,,,0,,,,
162,162,,,,,,,,0,,,,
160,160,,,,,,,,0,,,,
159,159,,,,,,,,0,,,,
158,158,,,,,,,,0,,,,
157,157,,,,,,,,1,,,,
156,156,,,,,,,,0,,,,
155,155,,,,,,,,0,,,,
154,154,,,,,,,,0,,,,
153,153,,,,,,,,0,,,,
152,152,,,,,,,,0,,,,
151,151,,,,,,,,0,,,,
150,150,,,,,,,,0,,,,
149,149,,,,,,,,1,,,,
148,148,,,,,,,,0,,,,
147,147,,,,,,,,0,,,,
146,146,,,,,,,,0,,,,
145,145,,,,,,,,0,,,,
144,144,,,,,,,,0,,,,
143,143,,,,,,,,0,,,,
142,142,,,,,,,,0,,,,
141,141,,,,,,,,0,,,,
138,138,,,,,,,,0,,,,
137,137,,,,,,,,0,,,,
136,136,,,,,,,,0,,,,
135,135,,,,,,,,0,,,,
134,134,,,,,,,,0,,,,
133,133,,,,,,,,0,,,,
132,132,,,,,,,,0,,,,
131,131,,,,,,,,0,,,,
130,130,,,,,,,,0,,,,
129,129,,,,,,,,0,,,,
128,128,,,,,,,,0,,,,
127,127,,,,,,,,0,,,,
126,126,,,,,,,,0,,,,
125,125,,,,,,,,0,,,,
124,124,,,,,,,,0,,,,
123,123,,,,,,,,0,,,,
122,122,,,,,,,,0,,,,
121,121,,,,,,,,0,,,,
120,120,,,,,,,,0,,,,
119,119,,,,,,,,0,,,,
118,118,,,,,,,,0,,,,
117,117,,,,,,,,0,,,,
116,116,,,,,,,,1,,,,
114,114,,,,,,,,0,,,,
113,113,,,,,,,,0,,,,
112,112,,,,,,,,1,,,,
111,111,,,,,1,2,,1,,,,
109,109,,,,,,,,1,,,,
108,108,,,,,,,,1,,,,
107,107,,,,,,,,0,,,,
106,106,,,,,,,,0,,,,
105,105,,,,,,,,0,,,,
104,104,,,,,,,,0,,,,
103,103,,,,,,,,0,,,,
102,102,,,,,,,,0,,,,
101,101,,,,,,,,0,,,,
100,100,,,,,,,,0,,,,
99,99,,,,,,,,0,,,,
98,98,,,,,,,,0,,,,
97,97,,,,,,,,0,,,,
96,96,,,,,,,,0,,,,
95,95,,,,,,,,0,,,,
94,94,,,,,,,,0,,,,
93,93,,,,,,,,0,,,,
92,92,,,,,,,,0,,,,
91,91,,,,,,,,0,,,,
90,90,,,,,,,,0,,,,
89,89,,,,,,,,0,,,,
88,88,,,,,,,,1,,,,
87,87,,,,,,,,1,,,,
86,86,,,,,,,,1,,,,
85,85,,,,,,,,0,,,,
84,84,,,,,,,,1,,,,
83,83,,,,,,,,0,,,,
82,82,,,,,,,,0,,,,
81,81,,,,,,,,1,,,,
80,80,,,,,,,,0,,,,
79,79,,,,,,,,0,,,,
78,78,,,,,,,,1,,,,
76,76,,,,,,,,1,,,,
75,75,,,,,,,,1,,,,
74,74,,,,,,,,1,,,,
73,73,,,,,,,,1,,,,
72,72,,,,,,,,1,,,,
71,71,,,,,,,,1,,,,
70,70,,,,,,,,0,,,,
69,69,,,,,,,,0,,,,
68,68,,,,,,,,1,,,,
67,67,,,,,,,,0,,,,
66,66,,,,,,,,0,,,,
65,65,,,,,73,2,,0,,,,
64,64,,,,,,,,0,,,,
63,63,,,,,,,,0,,,,
62,62,,,,,,,,1,,,,
61,61,,,,,,,,1,,,,
59,59,,,,,,,,1,,,,
58,58,,,,,,,,1,,,,
57,57,2,,sdefence,0,,,sdefence,0,,,,
56,56,2,,magui,0,,,magui,0,,,,
55,55,2,,sozo,0,,,sozo,0,,,,
54,54,,,,,,,,1,,,,
48,48,1,,JRA,0,,,JRA,0,,,,
47,47,1,,ETA,0,,,ETA,0,,,,
46,46,1,,IRA,0,,,IRA,0,,,,
45,45,,,,,,,,1,,,,
39,39,,,,,,,,1,,,,
38,38,,,,,,,,1,,,,
37,37,,,,,,,,1,,,,
36,36,,,,,,,,1,,,,
35,35,,,,,,,,1,,,,
34,34,,,,,,,,1,,,,
33,33,,,,,,,,1,,,,
32,32,,,,,,,,1,,,,
24,24,,,,,,,,1,,,,
23,23,,,,,,,,1,,,,
22,22,,,,,,,,1,,,,
21,21,,,,,,,,1,,,,
20,20,,,,,,,,1,,,,
19,19,,,,,,,,1,,,,
18,18,,,,,,,,1,,,,
16,16,,,,,,,,1,,,,
15,15,,,,,,,,1,,,,
14,14,,,,,,,,1,,,,
13,13,,,,,,,,1,,,,
11,11,,,,,,,,1,,,,
10,10,,,,,,,,1,,,,
9,9,,,,,,,,1,,,,
8,8,,,,,,,,1,,,,
7,7,,,,,,,,1,,,,
5,5,,,,,,,,1,,,,
4,4,,,,,,,,1,,,,
2,2,,,,,,,,1,,,,
1,1,,,,,,,,1,,,,
8146,8146,,,,,,,,,,,,
8148,8148,,,,,,,,,,,,
8149,8149,,,,,,,,,,,,
8150,8150,,,,,,,,,,,,
8151,8151,,,,,,,,,,,,
8152,8152,,,,,,,,,,,,
8153,8153,,,,,,,,,,,,
8154,8154,,,,,,,,,,,,
8155,8155,,,,,,,,,,,,
8156,8156,,,,,,,,,,,,
8157,8157,,,,,,,,,,,,
8158,8158,,,,,,,,,,,,
8159,8159,,,,,,,,,,,,
8160,8160,,,,,,,,,,,,
8161,8161,,,,,,,,,,,,
8162,8162,,,,,,,,,,,,
8163,8163,,,,,,,,,,,,
8165,8165,,,,,,,,,,,,
8166,8166,,,,,,,,,,,,
8167,8167,,,,,,,,,,,,
8168,8168,,,,,,,,,,,,
8169,8169,,,,,,,,,,,,
8170,8170,,,,,,,,,,,,
8164,8164,,,,,,,,,,,,
8171,8171,,,,,,,,,,,,
8172,8172,,,,,,,,,,,,
8173,8173,,,,,,,,,,,,
8174,8174,,,,,,,,,,,,
8175,8175,,,,,,,,,,,,
8176,8176,,,,,,,,,,,,
8177,8177,,,,,,,,,,,,
8178,8178,,,,,,,,,,,,
8179,8179,,,,,,,,,,,,
8180,8180,,,,,,,,,,,,
8181,8181,,,,,,,,,,,,
8182,8182,,,,,,,,,,,,
8183,8183,,,,,,,,,,,,
8184,8184,,,,,,,,,,,,
8185,8185,,,,,,,,,,,,
8186,8186,,,,,,,,,,,,
8187,8187,,,,,,,,,,,,
8188,8188,,,,,,,,,,,,
8189,8189,,,,,,,,,,,,
8190,8190,,,,,,,,,,,,
8191,8191,,,,,,,,,,,,
8192,8192,,,,,,,,,,,,
8193,8193,,,,,2014,,,,,,,
8194,8194,,,,,,,,,,,,
2195,2195,,,,,,,,,,,,
2196,2196,,,,,,,,,,,,
2197,2197,,,,,,,,,,,,
2198,2198,,,,,,,,,,,,
2199,2199,,,,,,,,,,,,
2200,2200,,,,,,,,,,,,
2201,2201,,,,,,,,,,,,
2203,2203,,,,,,,,,,,,
2204,2204,,,,,,,,,,,,
2205,2205,,,,,,,,,,,,
2676,2676,,,,,,,,,,,,
